"UKPRN","PROVIDER_NAME","VIEW_NAME","SORT_NAME","ALIAS","FLAT_NAME_NUMBER","BUILDING_NAME_NUMBER","LOCALITY","STREET_NAME","TOWN","POSTCODE","WEBSITE_URL","WIKIPEDIA_URL","GROUPS","LONGITUDE","LATITUDE","EASTING","NORTHING","GTR_ID","HESA_ID"
"10008640","FALMOUTH UNIVERSITY","University College Falmouth","Falmouth, University College","","","Woodlane Campus","","Woodlane","Falmouth","TR11 4RH","http://www.falmouth.ac.uk/","http://en.wikipedia.org/wiki/University_College_Falmouth","","-5.070901","50.149168","180711","32196","E84FC550-A4CC-4B98-A6F9-D15A33829D83","0017"
"10007774","UNIVERSITY OF OXFORD","University of Oxford","Oxford, University of","","","UNIVERSITY OFFICES","","WELLINGTON SQUARE","OXFORD","OX1 2JD","http://www.ox.ac.uk/","http://en.wikipedia.org/wiki/University_of_Oxford","Science_and_Engineering_South, Russell_Group, Oxbridge","-1.262868","51.757644","450974","206807","B1F0E8FE-FE3C-49ED-9C96-1ED75312A8A0","0156"
"10007768","UNIVERSITY OF LANCASTER","University of Lancaster","Lancaster, University of","","","UNIVERSITY HOUSE","BAILRIGG","","LANCASTER","LA1 4YW","http://www.lancs.ac.uk/","http://en.wikipedia.org/wiki/Lancaster_University","1994_Group, N8_Research_Partnership","-2.786905","54.010480","348528","457448","F8C7F869-77D6-4859-96F1-3550A4951F6C","0123"
"10000571","BATH SPA UNIVERSITY","Bath Spa University","Bath Spa University","","","NEWTON PARK","NEWTON ST. LOE","","BATH","BA2 9BN","http://www.bathspa.ac.uk/","http://en.wikipedia.org/wiki/Bath_Spa_University","Million_Plus","-2.437400","51.378739","369654","164501","1A469850-02BA-4814-81EE-E60C851CABC3","0048"
"10007814","CARDIFF UNIVERSITY","Cardiff University","Cardiff University","","","","","PARK PLACE","CARDIFF","CF10 3AT","http://www.cardiff.ac.uk/","http://en.wikipedia.org/wiki/Cardiff_University","GW4, Russell_Group","-3.179907","51.489093","318176","177343","9C10D78F-6430-4CA7-9528-B96B0762A4C6","0179"
"10007158","UNIVERSITY OF SOUTHAMPTON","University of Southampton","Southampton, University of","","","","","UNIVERSITY ROAD","SOUTHAMPTON","SO17 1BJ","http://www.soton.ac.uk/","http://en.wikipedia.org/wiki/University_of_Southampton","Science_and_Engineering_South, Russell_Group","-1.395675","50.934180","442562","115145","30A429E3-83B7-4E41-99C0-14A144F07DFE","0160"
"10007779","THE ROYAL VETERINARY COLLEGE","The Royal Veterinary College","Royal Veterinary College, The","","","","","ROYAL COLLEGE STREET","LONDON","NW1 0TU","http://www.rvc.ac.uk/","http://en.wikipedia.org/wiki/Royal_Veterinary_College","","-0.133498","51.536862","529548","183646","1AB05DA1-4DD6-4843-B416-D7D9441EBFFB","0143"
"10007851","UNIVERSITY OF DERBY","University of Derby","Derby, University of","","","","","KEDLESTON ROAD","DERBY","DE22 1GB","http://www.derby.ac.uk/","http://en.wikipedia.org/wiki/University_of_Derby","Million_Plus","-1.496677","52.938545","433924","338022","FDC92628-BF2E-4EEB-A9EB-2FDED0999959","0057"
"10000824","BOURNEMOUTH UNIVERSITY","Bournemouth University","Bournemouth University","","POOLE HOUSE","TALBOT CAMPUS","","FERN BARROW","POOLE","BH12 5BB","http://www.bournemouth.ac.uk/","http://en.wikipedia.org/wiki/Bournemouth_University","University_Alliance","-1.897159","50.742968","407352","93713","C0088682-E757-4D2A-BA97-C2D411DDCFFB","0050"
"10007162","UNIVERSITY OF THE ARTS, LONDON","University of the Arts, London","London, University of the Arts","","","272","","HIGH HOLBORN","LONDON","WC1V 7EY","http://www.arts.ac.uk/","http://en.wikipedia.org/wiki/University_of_the_Arts_London","","-0.117099","51.517742","530740","181549","8A16A43E-BC29-4E8D-8135-FF787BDF8D86","0024"
"10007804","UNIVERSITY OF STIRLING","University of Stirling","Stirling, University of","","","","","","STIRLING","FK9 4LA","http://www.stir.ac.uk/","http://en.wikipedia.org/wiki/University_of_Stirling","","-3.926787","56.149207","280397","696841","C7510606-A36F-4725-A89B-9D592374972A","0174"
"10007823","EDGE HILL UNIVERSITY","Edge Hill University","Edge Hill University","","","","","ST. HELENS ROAD","ORMSKIRK","L39 4QP","http://www.edgehill.ac.uk/","http://en.wikipedia.org/wiki/Edge_Hill_University","","-2.873372","53.559906","342245","407385","4A64B819-B206-475E-9BCA-03F8C702E939","0016"
"10007160","UNIVERSITY OF SURREY","University of Surrey","Surrey, University of","","","","","","GUILDFORD","GU2 7XH","http://www.surrey.ac.uk/","http://en.wikipedia.org/wiki/University_of_Surrey","","-0.587925","51.242568","498663","150213","67B34D05-3A52-4A09-8FF9-F2398D60E246","0161"
"10007791","UNIVERSITY OF ESSEX","University of Essex","Essex, University of","","","","","WIVENHOE PARK","COLCHESTER","CO4 3SQ","http://www.essex.ac.uk/","http://en.wikipedia.org/wiki/University_of_Essex","1994_Group","0.945058","51.876569","602815","223876","5C29941F-8359-4D5C-9893-4C268A9DF1AC","0118"
"10003945","THE LIVERPOOL INSTITUTE FOR PERFORMING ARTS","The Liverpool Institute for Performing Arts","Liverpool Institute for Performing Arts, The","","","","","Mount Street","Liverpool","L1 9HF","http://www.lipa.ac.uk/","http://en.wikipedia.org/wiki/Liverpool_Institute_for_Performing_Arts","","-2.972271","53.399674","335451","389644","","0209"
"10007802","UNIVERSITY OF READING","University of Reading","Reading, University of","","","WHITEKNIGHTS HOUSE","WHITEKNIGHTS","","READING","RG6 6UR","http://www.reading.ac.uk/","http://en.wikipedia.org/wiki/University_of_Reading","1994_Group","-0.947088","51.440564","473277","171811","E89C3602-0FB4-4044-A918-58966B8A10B2","0157"
"10007806","UNIVERSITY OF SUSSEX","University of Sussex","Sussex, University of","","","SUSSEX HOUSE","FALMER","SOUTHERN RING ROAD","BRIGHTON","BN1 9RH","http://www.sussex.ac.uk/","http://en.wikipedia.org/wiki/University_of_Sussex","1994_Group","-0.087049","50.864464","534715","108961","A8967420-49D3-4509-9912-25FB3EC75B74","0162"
"10007152","UNIVERSITY OF BEDFORDSHIRE","University of Bedfordshire","Bedfordshire, University of","","","","","UNIVERSITY SQUARE","LUTON","LU1 3JU","http://www.beds.ac.uk/","http://en.wikipedia.org/wiki/University_of_Bedfordshire","Million_Plus","-0.411382","51.877870","509451","221114","BA42FE9E-1091-4F26-9645-58A2BECFD230","0026"
"10007150","UNIVERSITY OF KENT","University of Kent","Kent, University of","","","THE REGISTRY","","","CANTERBURY","CT2 7NZ","http://www.kent.ac.uk/","http://en.wikipedia.org/wiki/University_of_Kent","NCUK","1.070918","51.298491","614178","159963","687D087F-AEDD-4BCE-8CF8-E895FC5E9B3D","0122"
"10007832","NEWMAN UNIVERSITY","Newman University College","Newman University College","","","","","GENNERS LANE","BIRMINGHAM","B32 3NT","http://www.newman.ac.uk/","http://en.wikipedia.org/wiki/Newman_University_College","Cathedrals_Group","-1.995022","52.434137","400435","281794","","0028"
"10007788","UNIVERSITY OF CAMBRIDGE","University of Cambridge","Cambridge, University of","","","THE OLD SCHOOL","","TRINITY LANE","CAMBRIDGE","CB2 1TN","http://www.cam.ac.uk/","http://en.wikipedia.org/wiki/University_of_Cambridge","Russell_Group, Oxbridge","0.116642","52.205317","544734","258453","D1774113-D5D2-4B7C-A412-66A90FE4B96F","0114"
"10001883","DE MONTFORT UNIVERSITY","De Montfort University","De Montfort University","","","","","THE GATEWAY","LEICESTER","LE1 9BH","http://www.dmu.ac.uk/","http://en.wikipedia.org/wiki/De_Montfort_University","University_Alliance","-1.139356","52.631833","458346","304132","DF259B19-FD17-4588-BFEF-AD08F1193451","0068"
"10007790","UNIVERSITY OF EDINBURGH","University of Edinburgh","Edinburgh, University of","","","9-15","","CHAMBERS STREET","EDINBURGH","EH1 1HT","http://www.ed.ac.uk/","http://en.wikipedia.org/wiki/University_of_Edinburgh","Russell_Group","-3.188111","55.948003","325899.00","673412.00","F0F2AC58-F3D5-4F25-8E51-6AF679C5EBFA","0167"
"10007795","UNIVERSITY OF LEEDS","University of Leeds","Leeds, University of","","","","","WOODHOUSE LANE","LEEDS","LS2 9JT","http://www.leeds.ac.uk/","http://en.wikipedia.org/wiki/University_of_Leeds","N8_Research_Partnership, White_Rose_University_Consortium, Russell_Group","-1.552797","53.808494","429547","434780","65E7B3BB-0570-4F2A-9415-C7D336AA6477","0124"
"10008816","NORTHERN SCHOOL OF CONTEMPORARY DANCE","Northern School of Contemporary Dance","Northern School of Contemporary Dance","","","98","","CHAPELTOWN ROAD","LEEDS","LS7 4BH","http://www.nscd.ac.uk/","http://en.wikipedia.org/wiki/Chapeltown,_West_Yorkshire#Northern_School_of_Contemporary_Dance","","-1.533291","53.813246","430828","435317","",""
"10005343","QUEEN'S UNIVERSITY OF BELFAST","The Queen's University of Belfast","Queen's University of Belfast, The","","","","","UNIVERSITY ROAD","BELFAST","BT7 1NN","http://www.qub.ac.uk/","http://en.wikipedia.org/wiki/Queen%27s_University_Belfast","NCUK, Russell_Group","-5.9348","54.5839","","","6DF12A24-BEFF-40FA-9A8E-D79B6BFDF346","0184"
"10003861","LEEDS METROPOLITAN UNIVERSITY","Leeds Metropolitan University","Leeds Metropolitan University","","","CITY CAMPUS","","","LEEDS","LS1 3HE","http://www.leedsmet.ac.uk/","http://en.wikipedia.org/wiki/Leeds_Metropolitan_University","Million_Plus","-1.549143","53.803662","429791.00","434244.00","2C135ED2-40D8-49ED-A792-C2E2B72DFB98","0064"
"10007772","EDINBURGH NAPIER UNIVERSITY","Edinburgh Napier University","Edinburgh Napier University","","","SIGHTHILL CAMPUS 9","","SIGHTHILL COURT","EDINBURGH","EH11 4BN","http://www.napier.ac.uk/","http://en.wikipedia.org/wiki/Edinburgh_Napier_University","Million_Plus","-3.288470","55.924071","319582","670861","0740327D-1A22-41B4-82F9-1CC65BB29610","0107"
"10007854","CARDIFF METROPOLITAN UNIVERSITY","Cardiff Metropolitan University","Cardiff Metropolitan University","","PO BOX 377","","LLANDAFF","","CARDIFF","CF5 2SG","http://www.cardiffmet.ac.uk/","http://en.wikipedia.org/wiki/Cardiff_Metropolitan_University","University_Alliance","-3.223617","51.483555","315131","176777","8FE3A477-8A3B-4E51-AE01-4ABCE9099213","0089"
"10007849","UNIVERSITY OF ABERTAY DUNDEE","University of Abertay Dundee","Abertay Dundee, University of","","","KYDD BUILDING 40","","BELL STREET","DUNDEE","DD1 1HG","http://www.abertay.ac.uk/","http://en.wikipedia.org/wiki/University_of_Abertay_Dundee","Million_Plus","-2.974381","56.463143","340057","730538","544242A5-6640-4FD5-87C5-348557ED5307","0095"
"10007164","UNIVERSITY OF THE WEST OF ENGLAND, BRISTOL","University of the West of England, Bristol","Bristol, University of the West of England","","","FRENCHAY CAMPUS","","COLDHARBOUR LANE","BRISTOL","BS16 1QY","http://www.uwe.ac.uk/","http://en.wikipedia.org/wiki/University_of_the_West_of_England","University_Alliance","-2.547491","51.500205","362093","178061","2A80FFDA-3B8B-43BA-80C3-3AA850B49BA1","0081"
"10007761","COURTAULD INSTITUTE OF ART","Courtauld Institute of Art","Courtauld Institute of Art","","","SOMERSET HOUSE","","STRAND","LONDON","WC2R 0RN","http://www.courtauld.ac.uk/","http://en.wikipedia.org/wiki/Courtauld_Institute_of_Art","","-0.116912","51.510734","530773","180770","4653EC09-AF10-4800-9609-4E40C5CFEF09","0201"
"10000961","BRUNEL UNIVERSITY","Brunel University","Brunel University","","","","","KINGSTON LANE","UXBRIDGE","UB8 3PH","http://www.brunel.ac.uk/","http://en.wikipedia.org/wiki/Brunel_University","","-0.472835","51.532849","506024","182654","BECA2763-0902-40AA-8DB2-836A5731CF58","0113"
"10007778","ROYAL COLLEGE OF MUSIC","Royal College of Music","Royal College of Music","","","","","PRINCE CONSORT ROAD","LONDON","SW7 2BS","http://www.rcm.ac.uk/","http://en.wikipedia.org/wiki/Royal_College_of_Music","","-0.176889","51.499281","526643","179391","71C6280E-F75C-4B1B-A182-F7E3F5FF0FB0","0034"
"10004180","MANCHESTER METROPOLITAN UNIVERSITY","The Manchester Metropolitan University","Manchester Metropolitan University, The","","","ALL SAINTS","","GROSVENOR SQUARE","MANCHESTER","M15 6BH","http://www.mmu.ac.uk/","http://en.wikipedia.org/wiki/Manchester_Metropolitan_University","University_Alliance","-2.239504","53.470699","384199","397132","E594FDB4-DD6F-441F-90D6-C423A2916446","0066"
"10007811","BISHOP GROSSETESTE UNIVERSITY","Bishop Grosseteste University College Lincoln","Bishop Grosseteste University College Lincoln","","","","","LONGDALES ROAD","LINCOLN","LN1 3DY","http://www.bishopg.ac.uk/","http://en.wikipedia.org/wiki/Bishop_Grosseteste_University","Cathedrals_Group","-0.535716","53.244036","497811","372888","2455D70D-E7A2-4D77-A7FE-B618FCF13C46","0007"
"10005389","RAVENSBOURNE","Ravensbourne Limited","Ravensbourne Limited","","","6","","PENROSE WAY","LONDON","SE10 0EW","http://www.rave.ac.uk/","http://en.wikipedia.org/wiki/Ravensbourne_College_of_Design_and_Communication","","0.005266","51.501478","539279","179966","","0030"
"10003678","KINGSTON UNIVERSITY","Kingston University","Kingston University","","","RIVER HOUSE 53-57","","HIGH STREET","KINGSTON UPON THAMES","KT1 1LQ","http://www.kingston.ac.uk/","http://en.wikipedia.org/wiki/Kingston_University","University_Alliance, NCUK","-0.307824","51.406308","517794","168834","6E750E7A-C076-435E-8AB0-484F65D6C7AD","0063"
"10007166","UNIVERSITY OF WOLVERHAMPTON","University of Wolverhampton","Wolverhampton, University of","","","","","WULFRUNA STREET","WOLVERHAMPTON","WV1 1LY","http://www.wlv.ac.uk/","http://en.wikipedia.org/wiki/University_of_Wolverhampton","Million_Plus","-2.128159","52.588308","391414","298951","1A3C4B4D-A492-43D4-BD25-729BD718D1E9","0085"
"10001478","THE CITY UNIVERSITY","The City University","City University, The","","","","","NORTHAMPTON SQUARE","LONDON","EC1V 0HB","http://www.city.ac.uk/","http://en.wikipedia.org/wiki/City_University,_London","","-0.102296","51.527791","531738","182693","CD35D908-C2AF-4C14-9BC4-519C775CDB6E","0115"
"10007781","SCHOOL OF PHARMACY UNIVERSITY OF LONDON(THE)","School of Pharmacy University of London(The)","School of Pharmacy University of London(The)","","","29-39","","BRUNSWICK SQUARE","LONDON","WC1N 1AX","http://www.pharmacy.ac.uk/","http://en.wikipedia.org/wiki/School_of_Pharmacy,_University_of_London","","-0.122432","51.525085","530349","182356","FAD72F10-05DD-4B4D-89F4-0475C2A79E10",""
"10006427","UNIVERSITY FOR THE CREATIVE ARTS","University for the Creative Arts","University for the Creative Arts","","","","","FALKNER ROAD","FARNHAM","GU9 7DS","http://www.ucreative.ac.uk/","http://en.wikipedia.org/wiki/University_for_the_Creative_Arts","","-0.805496","51.215767","483525","146963","98D800A0-BF72-4D50-8A96-2EA2B60B01D1","0206"
"10008026","ST MARY'S UNIVERSITY COLLEGE","St Mary's University College","St Mary's University College","","","191","","FALLS ROAD","BELFAST","BT12 6FE","http://www.stmarys-belfast.ac.uk/","http://en.wikipedia.org/wiki/St._Mary%27s_University_College_%28Belfast%29","","-5.9613","54.592","","","F8A38BAB-5A5C-44BA-BC24-8114AD09C832","0194"
"10005500","THE ROBERT GORDON UNIVERSITY","The Robert Gordon University","Robert Gordon University, The","","","CENTRAL SERVICES BUILDING","","GARTHDEE ROAD","ABERDEEN","AB10 7FY","http://www.rgu.ac.uk/","http://en.wikipedia.org/wiki/Robert_Gordon_University","","-2.143673","57.118078","391399","803026","2F26B195-F498-4990-934B-D53B09569D15","0104"
"10008017","TRINITY LABAN CONSERVATOIRE OF MUSIC AND DANCE LTD","Trinity Laban Conservatoire of Music and Dance Ltd","Trinity Laban Conservatoire of Music and Dance Ltd","","","KING CHARLES COURT","","OLD ROYAL NAVAL COLLEGE KING WILLIAM WALK","LONDON","SE10 9JF","http://www.trinitylaban.ac.uk/","http://en.wikipedia.org/wiki/Trinity_Laban_Conservatoire_of_Music_and_Dance","","-0.007171","51.483596","538470","177954","F88BB9CC-B3CD-41A5-9C65-D32749225F60","0041"
"10007114","UNIVERSITY OF THE HIGHLANDS AND ISLANDS","University of the Highlands and Islands","Highlands and Islands, University of the","","","12b","","Ness Walk","Inverness","IV3 5SQ","http://www.uhi.ac.uk/","http://en.wikipedia.org/wiki/University_of_the_Highlands_%26_Islands","","-4.230795","57.469675","266305","844355","8BA3C264-769F-487E-B61A-2D4CB6A105B6","0196"
"10007775","QUEEN MARY UNIVERSITY OF LONDON","Queen Mary and Westfield College, University of London","Queen Mary and Westfield College, University of London","","","327","","MILE END ROAD","LONDON","E1 4NS","http://www.qmul.ac.uk/","http://en.wikipedia.org/wiki/Queen_Mary,_University_of_London","Science_and_Engineering_South, NCUK, Russell_Group","-0.040505","51.523412","536037","182319","D5337A10-AC8A-402A-8164-C5F9CC6B0140","0139"
"10007144","UNIVERSITY OF EAST LONDON","University of East London","East London, University of","","","EAST BUILDING 4","","UNIVERSITY WAY","LONDON","E16 2RD","http://www.uel.ac.uk/","http://en.wikipedia.org/wiki/University_of_East_London","Million_Plus","0.064797","51.507396","543392","180739","1109E202-4FE3-40AC-B73E-7B37EF45241A","0058"
"10002718","GOLDSMITHS' COLLEGE","Goldsmiths' College","Goldsmiths' College","","","GOLDSMITHS COLLEGE 8","","LEWISHAM WAY","LONDON","SE14 6NW","http://www.gold.ac.uk/","http://en.wikipedia.org/wiki/Goldsmiths,_University_of_London","1994_Group","-0.035375","51.474144","536540","176850","A9B1866C-EE3E-4D81-A83C-118745E9433E","0131"
"10007797","UNIVERSITY OF LONDON","University of London","London, University of","","","SENATE HOUSE","","MALET STREET","LONDON","WC1E 7HU","http://www.lon.ac.uk/","http://en.wikipedia.org/wiki/University_of_London","","-0.127819","51.520998","529987","181892","CB05C424-91BF-4B48-9472-E6F6226A6A05","0151"
"10007161","TEESSIDE UNIVERSITY","Teesside University","Teesside University","","","","","BOROUGH ROAD","MIDDLESBROUGH","TS1 3BA","http://www.tees.ac.uk/","http://en.wikipedia.org/wiki/Teesside_University","University_Alliance","-1.234709","54.572089","449574","519920","B5FF76C6-FFAD-4E1F-9279-7452750B94B7","0079"
"10001282","NORTHUMBRIA UNIVERSITY NEWCASTLE","University of Northumbria at Newcastle","Northumbria at Newcastle, University of","","","ELLISON BUILDING","","ELLISON ROAD","Newcastle Upon Tyne","NE1 8ST","http://www.northumbria.ac.uk/","http://en.wikipedia.org/wiki/Northumbria_University","University_Alliance","-1.607512","54.976769","425221","564754","EF390CF0-ECD3-47D8-B9A8-7602AF319BEE","0069"
"10006299","STAFFORDSHIRE UNIVERSITY","Staffordshire University","Staffordshire University","","","","","COLLEGE ROAD","STOKE-ON-TRENT","ST4 2DE","http://www.staffs.ac.uk/","http://en.wikipedia.org/wiki/Staffordshire_University","Million_Plus","-2.182605","53.010097","387845","345879","E277EDD9-0ADD-44E4-B8A1-709121CA7E7D","0077"
"10007145","UNIVERSITY OF GLOUCESTERSHIRE","University of Gloucestershire","Gloucestershire, University of","","","","","The Park","Cheltenham","GL50 2RH","http://www.glos.ac.uk/","http://en.wikipedia.org/wiki/University_of_Gloucestershire","Cathedrals_Group","-2.088781","51.887504","393986","220997","FFAF7C9F-6946-4B94-B0CF-2EDE44020A94","0054"
"10007140","BIRMINGHAM CITY UNIVERSITY","Birmingham City University","Birmingham City University","","","","PERRY BARR","FRANCHISE STREET","BIRMINGHAM","B42 2SU","http://www.bcu.ac.uk/","http://en.wikipedia.org/wiki/Birmingham_City_University","Million_Plus","-1.897282","52.517286","407067","291048","A022BD3A-2A7B-4E64-8877-A2E381C4CCB5","0052"
"10007816","THE ROYAL CENTRAL SCHOOL OF SPEECH AND DRAMA","Central School of Speech and Drama(The)","Central School of Speech and Drama(The)","","","EMBASSY THEATRE 62-64","","ETON AVENUE","LONDON","NW3 3HY","http://www.cssd.ac.uk/","http://en.wikipedia.org/wiki/Central_School_of_Speech_and_Drama","","-0.174179","51.544337","526706","184406","11FECE84-7672-4809-88F2-FEB786E20A70","0010"
"10007794","UNIVERSITY OF GLASGOW","University of Glasgow","Glasgow, University of","","","","","UNIVERSITY AVENUE","GLASGOW","G12 8QQ","http://www.gla.ac.uk/","http://en.wikipedia.org/wiki/University_of_Glasgow","Russell_Group","-4.288345","55.871746","256916","666655","D949B0B2-08E0-4BFC-963B-5E378E92BDDA","0168"
"10001726","COVENTRY UNIVERSITY","Coventry University","Coventry University","","","","","PRIORY STREET","COVENTRY","CV1 5FB","http://www.coventry.ac.uk/","http://en.wikipedia.org/wiki/Coventry_University","University_Alliance","-1.505713","52.408016","433721","279003","D60C85C3-0343-430E-81C7-B04058A4B1DF","0056"
"10007155","UNIVERSITY OF PORTSMOUTH","University of Portsmouth","Portsmouth, University of","","","UNIVERSITY HOUSE","","WINSTON CHURCHILL AVENUE","PORTSMOUTH","PO1 2UP","http://www.port.ac.uk/","http://en.wikipedia.org/wiki/University_of_Portsmouth","University_Alliance","-1.093571","50.795266","463980","99915","955C55E8-783E-4842-BB2C-2D275A3CAF82","0074"
"10040812","HARPER ADAMS UNIVERSITY","Harper Adams University","Harper Adams University","","","","Edgmond","","Newport","TF10 8NB","http://www.harper-adams.ac.uk/","https://en.wikipedia.org/wiki/Harper_Adams_University","","-2.425380","52.780019","371404","320354","A9CA5E1C-DE53-4198-A3E4-F4764B5CB434","0018"
"10034449","LEEDS COLLEGE OF MUSIC","Leeds College of Music","Leeds College of Music","","","3","","QUARRY HILL","LEEDS","LS2 7PD","http://www.lcm.ac.uk/","http://en.wikipedia.org/wiki/Leeds_College_of_Music","","-1.531256","53.798246","430973","433649","",""
"10002681","GLASGOW SCHOOL OF ART.","Glasgow School of Art","Glasgow School of Art","","","167","","RENFREW STREET","GLASGOW","G3 6RQ","http://www.gsa.ac.uk/","http://en.wikipedia.org/wiki/Glasgow_School_of_Art","","-4.263391","55.865953","258456","665959","A334C885-B5AA-4A42-8CDD-EB6A11B853A2","0097"
"10007856","PRIFYSGOL ABERYSTWYTH","Prifysgol Aberystwyth","Prifysgol Aberystwyth","","PO BOX 2","","","","ABERYSTWYTH","SY23 2AX","http://www.aber.ac.uk/","http://en.wikipedia.org/wiki/Aberystwyth_University","ABSA","-4.043595","52.403488","261072","280350","E4757A6E-7326-472B-9979-B47D77A65446","0177"
"10003614","UNIVERSITY OF WINCHESTER","University of Winchester","Winchester, University of","","","","","SPARKFORD ROAD","WINCHESTER","SO22 4NR","http://www.winchester.ac.uk/","http://en.wikipedia.org/wiki/University_of_Winchester","Cathedrals_Group","-1.326928","51.060033","447265","129182","4B87FBC4-8055-43E8-B493-B2FED8A31423","0021"
"10007801","PLYMOUTH UNIVERSITY","University of Plymouth","Plymouth, University of","","","","","DRAKE CIRCUS","PLYMOUTH","PL4 8AA","http://www.plymouth.ac.uk/","http://en.wikipedia.org/wiki/University_of_Plymouth","University_Alliance","-4.138393","50.375186","248044","54998","7801F008-7C77-45E7-90E9-4345B47D138E","0073"
"10007789","UNIVERSITY OF EAST ANGLIA","University of East Anglia","East Anglia, University of","","","NORWICH RESEARCH PARK","","EARLHAM ROAD","NORWICH","NR4 7TJ","http://www.uea.ac.uk/","http://en.wikipedia.org/wiki/University_of_East_Anglia","1994_Group","1.241412","52.622394","619497","307667","88C5F7F9-8DCC-41C9-BC4F-F37DA01075C7","0117"
"10007786","UNIVERSITY OF BRISTOL","University of Bristol","Bristol, University of","","","SENATE HOUSE","","TYNDALL AVENUE","BRISTOL","BS8 1TH","http://www.bristol.ac.uk/","http://en.wikipedia.org/wiki/University_of_Bristol","GW4, NCUK, Russell_Group","-2.603292","51.459064","358182","173516","FD94FDDE-5BBC-4E12-911F-0B70DBCFA743","0112"
"10007803","UNIVERSITY OF ST ANDREWS","University of St Andrews","St Andrews, University of","","","COLLEGE GATE","","NORTH STREET","ST. ANDREWS","KY16 9AJ","http://www.st-andrews.ac.uk/","http://en.wikipedia.org/wiki/University_of_St_Andrews","","-2.793016","56.341205","351076","716822","C0E4FAD2-3C8B-410A-B6DF-3B9B9E433060","0173"
"10006841","UNIVERSITY OF BOLTON","The University of Bolton","Bolton, The University of ","","","","","DEANE ROAD","BOLTON","BL3 5AB","http://www.bolton.ac.uk/","http://en.wikipedia.org/wiki/University_of_Bolton","Million_Plus","-2.436236","53.573527","371210","408634","6CD99DF2-EA37-4EF2-8FC0-3FB1D421D2F1","0049"
"10005337","QUEEN MARGARET UNIVERSITY, EDINBURGH","Queen Margaret University, Edinburgh","Queen Margaret University, Edinburgh","","","","","QUEEN MARGARET UNIVERSITY DRIVE","MUSSELBURGH","EH21 6UU","http://www.qmu.ac.uk/","http://en.wikipedia.org/wiki/Queen_Margaret_University","","-3.073062","55.931304","333055","671436","3AF70AC4-19B0-4B79-8A06-D63F374FC0E7","0100"
"10007807","UNIVERSITY OF ULSTER","University of Ulster","Ulster, University of","","","","","CROMORE ROAD","COLERAINE","BT52 1SA","http://www.ulster.ac.uk/","http://en.wikipedia.org/wiki/University_of_Ulster","NCUK","-6.6725","55.1468","","","245EB81A-808F-4697-BAED-263C20266B74","0185"
"10007163","UNIVERSITY OF WARWICK","University of Warwick","Warwick, University of","","","UNIVERSITY HOUSE","","GIBBET HILL ROAD","COVENTRY","CV4 7AL","http://www.warwick.ac.uk/","http://en.wikipedia.org/wiki/University_of_Warwick","M5_Universities, Russell_Group","-1.561687","52.380079","429932.00","275871.00","B6FB652A-60C3-48DD-9A33-075D1F759B48","0163"
"10007138","UNIVERSITY OF NORTHAMPTON,THE","The University of Northampton","Northampton, The University of ","","","","","BOUGHTON GREEN ROAD","NORTHAMPTON","NN2 7AL","http://www.northampton.ac.uk/","http://en.wikipedia.org/wiki/University_of_Northampton","","-0.883074","52.272007","476309","264347","481D8333-88B8-4BF7-9DF2-5600BC827328","0027"
"10007796","UNIVERSITY OF LEICESTER","University of Leicester","Leicester, University of","","","","","UNIVERSITY ROAD","LEICESTER","LE1 7RH","http://www.le.ac.uk/","http://en.wikipedia.org/wiki/University_of_Leicester","1994_Group, M5_Universities","-1.123802","52.621937","459412","303044","C842A34F-18F7-454D-A259-FED802368496","0125"
"10000712","UNIVERSITY COLLEGE BIRMINGHAM","University College Birmingham","Birmingham, University College","","","","","SUMMER ROW","BIRMINGHAM","B3 1JB","http://www.ucb.ac.uk/","http://en.wikipedia.org/wiki/University_College_Birmingham","","-1.905934","52.481855","406485","287106","","0200"
"10007762","GLASGOW CALEDONIAN UNIVERSITY","Glasgow Caledonian University","Glasgow Caledonian University","","","CITY CAMPUS 70","","COWCADDENS ROAD","GLASGOW","G4 0BA","http://www.gcu.ac.uk/","http://en.wikipedia.org/wiki/Glasgow_Caledonian_University","University_Alliance","-4.250553","55.866161","259260","665956","679E3226-7E46-4F18-90B6-0B4FE734C099","0106"
"10007165","THE UNIVERSITY OF WESTMINSTER","The University of Westminster","Westminster, The University of ","","","309","","REGENT STREET","LONDON","W1B 2HW","http://www.westminster.ac.uk/","http://en.wikipedia.org/wiki/University_of_Westminster","","-0.143341","51.516794","528922","181397","BD856F04-3042-4F92-8D66-1B101801FEB8","0083"
"10007148","UNIVERSITY OF HUDDERSFIELD","University of Huddersfield","Huddersfield, University of","","","","","QUEENSGATE","HUDDERSFIELD","HD1 3DH","http://www.hud.ac.uk/","http://en.wikipedia.org/wiki/University_of_Huddersfield","University_Alliance","-1.777712","53.643730","414793","416379","DC934AED-9432-4385-AEAF-006EA2369001","0061"
"10005545","ROYAL AGRICULTURAL UNIVERSITY","Royal Agricultural College","Royal Agricultural College","","","","","Stroud Road","Cirencester","GL7 6JS","http://www.rac.ac.uk/","http://en.wikipedia.org/wiki/Royal_Agricultural_College","","-1.994995","51.709495","400442","201195","","0195"
"10007765","HEYTHROP COLLEGE","Heythrop College","Heythrop College","","","23","","KENSINGTON SQUARE","LONDON","W8 5HN","http://www.heythrop.ac.uk/","http://en.wikipedia.org/wiki/Heythrop_College","Cathedrals_Group","-0.190884","51.499884","525670","179434","","0205"
"10007838","ROYAL WELSH COLLEGE OF MUSIC AND DRAMA LIMITED","Royal Welsh College of Music and Drama Limited","Royal Welsh College of Music and Drama Limited","","","","","NORTH ROAD","CARDIFF","CF10 3ER","http://www.rwcmd.ac.uk/","http://en.wikipedia.org/wiki/Royal_Welsh_College_of_Music_%26_Drama","","-3.183865","51.485645","317895","176964","",""
"10005523","ROSE BRUFORD COLLEGE","Rose Bruford College","Rose Bruford College","","","","","Lamorbey Park Burnt Oak Lane","Sidcup","DA15 9DF","http://www.bruford.ac.uk/","http://en.wikipedia.org/wiki/Rose_Bruford_College","","0.106805","51.439004","546526","173217","","0032"
"10007156","UNIVERSITY OF SALFORD, THE","University of Salford","Salford, University of","","","FARADAY HOUSE 43","","CRESCENT","SALFORD","M5 4WT","http://www.salford.ac.uk/","http://en.wikipedia.org/wiki/University_of_Salford","University_Alliance","-2.270665","53.483558","382136","398570","ED6ACD61-0140-4C05-B93D-2C6A42CA753B","0158"
"10007657","WRITTLE COLLEGE","Writtle College","Writtle College","","","","WRITTLE","LORDSHIP ROAD","CHELMSFORD","CM1 3RR","http://www.writtle.ac.uk/","http://en.wikipedia.org/wiki/Writtle_College","","0.428134","51.737004","567756","207044","76B58011-5BD1-409B-9FB3-CD15133B1E77","0189"
"10004063","LONDON SCHOOL OF ECONOMICS & POLITICAL SCIENCE","London School of Economics & Political Science","London School of Economics & Political Science","","","","","HOUGHTON STREET","LONDON","WC2A 2AE","http://www.lse.ac.uk/","http://en.wikipedia.org/wiki/London_School_of_Economics","Russell_Group","-0.116707","51.513968","530778","181130","EC177B1F-35EE-4B74-981D-E8382EE3D18C","0137"
"10004351","MIDDLESEX UNIVERSITY","Middlesex University","Middlesex University","","","","","THE BURROUGHS","LONDON","NW4 4BT","http://www.mdx.ac.uk/","http://en.wikipedia.org/wiki/Middlesex_University","Million_Plus","-0.228415","51.589717","522823","189360","AB979D25-DDBE-4C82-9D51-F38618FE37BD","0067"
"10007773","OPEN UNIVERSITY(THE)","Open University(The)","Open University(The)","","","","WALTON HALL","","MILTON KEYNES","MK7 6AA","http://www.open.ac.uk/","http://en.wikipedia.org/wiki/The_Open_University","University_Alliance","-0.709726","52.024924","488625","237063","89E6D9CB-DAF8-40A2-A9EF-B330A5A7FC24","0001"
"10006022","SOUTHAMPTON SOLENT UNIVERSITY","Southampton Solent University","Southampton Solent University","","","","","EAST PARK TERRACE","SOUTHAMPTON","SO14 0YN","http://www.solent.ac.uk/","http://en.wikipedia.org/wiki/Southampton_Solent_University","Million_Plus","-1.400157","50.907738","442271","112202","DD18D9A8-0FE2-4857-A405-7F41C183F65D","0037"
"10000975","BUCKINGHAMSHIRE NEW UNIVERSITY","Buckinghamshire New University","Buckinghamshire New University","","","HIGH WYCOMBE CAMPUS","","QUEEN ALEXANDRA ROAD","HIGH WYCOMBE","HP11 2JZ","http://www.bucks.ac.uk/","http://en.wikipedia.org/wiki/Buckinghamshire_New_University","","-0.752021","51.627518","486480","192815","A6F9E630-7D6C-44A3-9E96-C6E89B68C44B","0009"
"10007167","UNIVERSITY OF YORK","University of York","York, University of","","","","HESLINGTON","","YORK","YO10 5DD","http://www.york.ac.uk/","http://en.wikipedia.org/wiki/University_of_York","N8_Research_Partnership, White_Rose_University_Consortium, Russell_Group","-1.053553","53.948437","462215","450672","8319F78A-DCBD-49F6-BE00-78E1CD75CDA9","0164"
"10007151","UNIVERSITY OF LINCOLN","University of Lincoln","Lincoln, University of","","","","","CAMPUS WAY","LINCOLN","LN6 7TS","http://www.lincoln.ac.uk/","http://en.wikipedia.org/wiki/University_of_Lincoln","University_Alliance","-0.549237","53.228855","496943","371181","D64641C7-D9A6-4B41-9C8F-03F7396CB8DA","0062"
"10007784","UNIVERSITY COLLEGE LONDON","University College London","London, University College","","","","","GOWER STREET","LONDON","WC1E 6BT","http://www.ucl.ac.uk/","http://en.wikipedia.org/wiki/University_College_London","Science_and_Engineering_South, Russell_Group","-0.133401","51.524774","529589","182302","3A5E126D-C175-4730-9B7B-E6D8CF447F83","0149"
"10000886","UNIVERSITY OF BRIGHTON","University of Brighton","Brighton, University of","","","MITHRAS HOUSE","","LEWES ROAD","BRIGHTON","BN2 4AT","http://www.brighton.ac.uk/","http://en.wikipedia.org/wiki/University_of_Brighton","","-0.119142","50.842448","532519","106455","5904176C-7486-4E2B-959A-94C29ADE4D96","0051"
"10004113","LOUGHBOROUGH UNIVERSITY","Loughborough University","Loughborough University","","","","","","LOUGHBOROUGH","LE11 3TU","http://www.lboro.ac.uk/","http://en.wikipedia.org/wiki/Loughborough_University","1994_Group, M5_Universities","-1.229467","52.764892","452089","318864","CAA9A40D-0226-4A4F-AC0D-D8299E30A1EF","0152"
"10007833","GLYNDWR UNIVERSITY","Glyndwr University","Glyndwr University","","","PLAS COCH","","MOLD ROAD","WREXHAM","LL11 2AW","http://www.glyndwr.ac.uk/","http://en.wikipedia.org/wiki/Glynd%C5%B5r_University","","-3.005640","53.052979","332690","351107","845C79D4-F696-49C1-BE40-C7E9B890AE0C","0087"
"10007771","LONDON SCHOOL OF HYGIENE AND TROPICAL MEDICINE","London School of Hygiene and Tropical Medicine","London School of Hygiene and Tropical Medicine","","","","","KEPPEL STREET","LONDON","WC1E 7HT","http://www.lshtm.ac.uk/","http://en.wikipedia.org/wiki/London_School_of_Hygiene_and_Tropical_Medicine","","-0.130661","51.520927","529790","181879","4EE756E0-F50C-413B-8A73-B2876EC01D01","0138"
"10003956","LIVERPOOL HOPE UNIVERSITY","Liverpool Hope University","Liverpool Hope University","","","HOPE PARK","","TAGGART AVENUE","LIVERPOOL","L16 9JD","http://www.hope.ac.uk/","http://en.wikipedia.org/wiki/Liverpool_Hope_University","Cathedrals_Group","-2.891936","53.391491","340781","388664","B4833390-EB88-4440-ABE0-E80140B75D12","0023"
"10007147","UNIVERSITY OF HERTFORDSHIRE","University of Hertfordshire","Hertfordshire, University of","","","","","COLLEGE LANE","HATFIELD","AL10 9AB","http://www.herts.ac.uk/","http://en.wikipedia.org/wiki/University_of_Hertfordshire","University_Alliance","-0.242150","51.752882","521435","207482","5E589D68-A73C-42BB-892C-BC508C7B60CA","0060"
"10007157","UNIVERSITY OF SHEFFIELD","University of Sheffield","Sheffield, University of","","","","","WESTERN BANK","SHEFFIELD","S10 2TN","http://www.shef.ac.uk/","http://en.wikipedia.org/wiki/University_of_Sheffield","N8_Research_Partnership, White_Rose_University_Consortium, Russell_Group","-1.488709","53.381409","434108","387293","03D8AFBB-3EA5-4885-B036-BD4F9F4F9849","0159"
"10007143","UNIVERSITY OF DURHAM","University of Durham","Durham, University of","","","PALATINE CENTRE","","STOCKTON ROAD","DURHAM","DH1 3LE","http://www.dur.ac.uk/","http://en.wikipedia.org/wiki/Durham_University","N8_Research_Partnership, Russell_Group","-1.571868","54.768149","427644","541552","46B41008-0EB4-4E28-BBFB-E98366999EC5","0116"
"10004797","NOTTINGHAM TRENT UNIVERSITY","Nottingham Trent University","Nottingham Trent University","","","","","BURTON STREET","NOTTINGHAM","NG1 4BU","http://www.ntu.ac.uk/","http://en.wikipedia.org/wiki/Nottingham_Trent_University","University_Alliance","-1.152002","52.956383","457065","340224","1529782F-9068-4364-888E-46E4FC4881F5","0071"
"10007805","UNIVERSITY OF STRATHCLYDE","University of Strathclyde","Strathclyde, University of","","","MCCANCE BUILDING 16","","RICHMOND STREET","GLASGOW","G1 1XQ","http://www.strath.ac.uk/","http://en.wikipedia.org/wiki/University_of_Strathclyde","","-4.244586","55.861363","259616","665410","5BB4F8BF-B4E0-4EAF-9AF5-885E19D64850","0169"
"10007137","THE UNIVERSITY OF CHICHESTER","The University of Chichester","Chichester, The University of ","","","BISHOP OTTER CAMPUS","","COLLEGE LANE","CHICHESTER","PO19 6PE","http://www.chi.ac.uk/","http://en.wikipedia.org/wiki/University_of_Chichester","Cathedrals_Group","-0.774409","50.844268","486383","105688","FA776DBE-78D5-49D0-AFA1-77BEC03EFF15","0082"
"10007764","HERIOT-WATT UNIVERSITY","Heriot-Watt University","Heriot-Watt University","","","","RICCARTON","","CURRIE","EH14 4AS","http://www.hw.ac.uk/","http://en.wikipedia.org/wiki/Heriot-Watt_University","","-3.320697","55.909398","317537","669266","E5A82D2C-5AD4-488A-ACFF-566345A5D6DA","0171"
"10007769","LONDON BUSINESS SCHOOL","London Business School","London Business School","","","","","SUSSEX PLACE","LONDON","NW1 4SA","http://www.london.edu/","http://en.wikipedia.org/wiki/London_Business_School","","-0.161353","51.526583","527645","182454","1211323E-1950-4CCC-8DCB-1490BD74D17F","0135"
"10006840","UNIVERSITY OF BIRMINGHAM","University of Birmingham","Birmingham, University of","","","","EDGBASTON","","BIRMINGHAM","B15 2TT","http://www.birmingham.ac.uk/","http://en.wikipedia.org/wiki/University_of_Birmingham","NCUK, M5_Universities, Russell_Group","-1.930855","52.448986","404796","283448","818CD6C9-61EE-41F2-9F37-0C7A8F43E25D","0110"
"10007842","THE UNIVERSITY OF CUMBRIA","The University of Cumbria","Cumbria, The University of ","","","","","FUSEHILL STREET","CARLISLE","CA1 2HH","http://www.cumbria.ac.uk/","http://en.wikipedia.org/wiki/University_of_Cumbria","Million_Plus, Cathedrals_Group","-2.921482","54.891124","340992","555542","ECA474B6-9AAC-445C-97E4-019D2A903C89","0038"
"10007792","UNIVERSITY OF EXETER","University of Exeter","Exeter, University of","","","","","STOCKER ROAD","EXETER","EX4 4PY","http://www.exeter.ac.uk/","http://en.wikipedia.org/wiki/University_of_Exeter","GW4, Russell_Group","-3.534370","50.735199","291819.00","93967.00","961756BF-E31F-4A13-836F-0A09BA02385C","0119"
"10005790","SHEFFIELD HALLAM UNIVERSITY","Sheffield Hallam University","Sheffield Hallam University","","","CITY CAMPUS","","POND STREET","SHEFFIELD","S1 1WB","http://www.shu.ac.uk/","http://en.wikipedia.org/wiki/Sheffield_Hallam_University","University_Alliance","-1.465255","53.379212","435670","387060","52FDE897-E62F-4388-A588-9382D1E7C2D3","0075"
"10007852","UNIVERSITY OF DUNDEE","University of Dundee","Dundee, University of","","","","","PERTH ROAD","DUNDEE","DD1 4HN","http://www.dundee.ac.uk/","http://en.wikipedia.org/wiki/University_of_Dundee","","-2.978480","56.457200","339795","729880","90051600-6EF2-4093-BA8C-2B4B6F550895","0172"
"10005700","SRUC","Sruc","Sruc","","","","","KING'S BUILDINGS WEST MAINS ROAD","EDINBURGH","EH9 3JG","http://www.sruc.ac.uk/","http://en.wikipedia.org/wiki/Scotland%27s_Rural_University_College","","-3.176533","55.921607","326572","670462","ADA27054-A467-49BE-A71E-358C6062A9E3","0175"
"10007776","ROEHAMPTON UNIVERSITY","Roehampton University","Roehampton University","","","ERASMUS HOUSE","","ROEHAMPTON LANE","LONDON","SW15 5PJ","http://www.roehampton.ac.uk/","http://en.wikipedia.org/wiki/Roehampton_University","Cathedrals_Group","-0.245983","51.455119","521965","174363","0107329B-F086-4C36-8652-5AF6752EC6DC","0031"
"10007159","UNIVERSITY OF SUNDERLAND","University of Sunderland","Sunderland, University of","","","","","CHESTER ROAD","SUNDERLAND","SR1 3SD","http://www.sunderland.ac.uk/","http://en.wikipedia.org/wiki/University_of_Sunderland","Million_Plus","-1.391361","54.904502","439126","556811","CDD64036-C7C4-4924-8321-6076FB363042","0078"
"10000291","ANGLIA RUSKIN UNIVERSITY","Anglia Ruskin University","Anglia Ruskin University","","","","","BISHOP HALL LANE","CHELMSFORD","CM1 1SQ","http://www.anglia.ac.uk/","http://en.wikipedia.org/wiki/Anglia_Ruskin_University","Million_Plus","0.474311","51.741266","570928","207625","56F19F82-4654-46D6-891A-EA80CBC02587","0047"
"10007766","INSTITUTE OF EDUCATION, UNIVERSITY OF LONDON","Institute of Education, University of London","Education, University of London, Institute of","","","20","","BEDFORD WAY","LONDON","WC1H 0AL","http://www.ioe.ac.uk/","http://en.wikipedia.org/wiki/Institute_of_Education","1994_Group","-0.128481","51.523473","529934","182166","0D34D81A-A62C-4B11-8A90-ACB670C0AE91","0133"
"10007855","SWANSEA UNIVERSITY","Swansea University","Swansea University","","","","","SINGLETON PARK","SWANSEA","SA2 8PP","http://www.swan.ac.uk/","http://en.wikipedia.org/wiki/Swansea_University","","-3.980649","51.609622","262948","191946","AB307619-D4FA-427E-A042-09DBEBA84669","0180"
"10005553","ROYAL HOLLOWAY COLLEGE AND BEDFORD NEW COLLEGE","Royal Holloway College and Bedford New College","Royal Holloway College and Bedford New College","","","","","EGHAM HILL","EGHAM","TW20 0EX","http://www.rhul.ac.uk/","http://en.wikipedia.org/wiki/Royal_Holloway,_University_of_London","1994_Group","-0.567199","51.425323","499713","170564","A6D6F944-7BD0-49D0-8F3D-1D5B15E2E134","0141"
"10007777","ROYAL COLLEGE OF ART(THE)","Royal College of Art(The)","Royal College of Art(The)","","","","","KENSINGTON GORE","LONDON","SW7 2EU","http://www.rca.ac.uk/","http://en.wikipedia.org/wiki/Royal_College_of_Art","","-0.178449","51.501355","526529","179619","952043EA-E747-4132-B064-2CE0F7E61E93","0003"
"10007822","CRANFIELD UNIVERSITY","Cranfield University","Cranfield University","","","","CRANFIELD","COLLEGE ROAD","BEDFORD","MK43 0AL","http://www.cranfield.ac.uk/","http://en.wikipedia.org/wiki/Cranfield_University","","-0.628735","52.073929","494079","242615","F45A4578-F962-4EFA-9CC1-9F2FF4F760AE","0002"
"10007767","UNIVERSITY OF KEELE","University of Keele","Keele, University of","","","","KEELE","","NEWCASTLE","ST5 5BG","http://www.keele.ac.uk/","http://en.wikipedia.org/wiki/Keele_University","","-2.274598","53.003969","381670","345217","FC59975E-26E8-4A62-ABD8-A570DC6ABF06","0121"
"10003863","LEEDS TRINITY UNIVERSITY","Leeds Trinity University College","Leeds Trinity University College","","","","HORSFORTH","BROWNBERRIE LANE","LEEDS","LS18 5HD","http://www.leedstrinity.ac.uk/","http://en.wikipedia.org/wiki/Leeds_Trinity_University_College","Cathedrals_Group","-1.648100","53.848573","423249","439204","","0040"
"10003645","KING'S COLLEGE LONDON","King's College London","King's College London","","","","","STRAND","LONDON","WC2R 2LS","http://www.kcl.ac.uk/","http://en.wikipedia.org/wiki/King%27s_College_London","Science_and_Engineering_South, Russell_Group","-0.116912","51.510734","530773","180770","318B5D98-4CB4-4B10-A876-08FC93071A56","0134"
"10007782","ST. GEORGE'S, UNIVERSITY OF LONDON","St George's Hospital Medical School","St George's Hospital Medical School","","","","","CRANMER TERRACE","LONDON","SW17 0RE","http://www.sgul.ac.uk/","http://en.wikipedia.org/wiki/St_George%27s,_University_of_London","","-0.173355","51.427985","527086","171469","F325BF32-08AE-4621-8057-E5D6613B7308","0145"
"10004775","NORWICH UNIVERSITY OF THE ARTS","Norwich University College of the Arts","Norwich University College of the Arts","","","3","","REDWELL STREET","NORWICH","NR2 4SN","http://www.nua.ac.uk/","http://en.wikipedia.org/wiki/Norwich_University_College_of_the_Arts","","1.296600","52.630313","623191","308717","4E4178A7-8BDF-4990-8D4A-67DB8A9695F3","0190"
"10003854","LEEDS COLLEGE OF ART","Leeds College of Art","Leeds College of Art","","","","","BLENHEIM WALK","LEEDS","LS2 9AQ","http://www.leeds-art.ac.uk/","http://en.wikipedia.org/wiki/Leeds_College_of_Art","","-1.551780","53.808463","429614","434777","","0211"
"10007759","ASTON UNIVERSITY","Aston University","Aston University","","","","","THE ASTON TRIANGLE","BIRMINGHAM","B4 7ET","http://www.aston.ac.uk/","http://en.wikipedia.org/wiki/Aston_University","NCUK, M5_Universities","-1.890947","52.486651","407502","287641","5BFB9036-9D16-4AB9-A9EF-097BB6FBD69A","0108"
"10007848","UNIVERSITY OF CHESTER","University of Chester","Chester, University of","","","","","PARKGATE ROAD","CHESTER","CH1 4BJ","http://www.chester.ac.uk/","http://en.wikipedia.org/wiki/University_of_Chester","Cathedrals_Group","-2.898063","53.198657","340104","367217","A7AF2001-3B9F-4618-AEDF-C2DDEE927102","0011"
"10007783","UNIVERSITY OF ABERDEEN","University of Aberdeen","Aberdeen, University of","","","","","REGENT WALK","ABERDEEN","AB24 3FX","http://www.abdn.ac.uk/","http://en.wikipedia.org/wiki/University_of_Aberdeen","","-2.099129","57.165003","394104","808245","F7E13617-2678-475B-99E4-31479C92038D","0170"
"10007798","THE UNIVERSITY OF MANCHESTER","The University of Manchester","Manchester, The University of ","","","","","OXFORD ROAD","MANCHESTER","M13 9PL","http://www.manchester.ac.uk/","http://en.wikipedia.org/wiki/University_of_Manchester","N8_Research_Partnership, Russell_Group","-2.233222","53.467943","384615","396824","E5AFE7E4-FF5D-4FF1-B50B-E04A6DF7D791","0204"
"10005561","ROYAL CONSERVATOIRE OF SCOTLAND","Royal Conservatoire of Scotland","Royal Conservatoire of Scotland","","","100","","RENFREW STREET","GLASGOW","G2 3DB","http://www.rcs.ac.uk/","http://en.wikipedia.org/wiki/Royal_Conservatoire_of_Scotland","","-4.257632","55.866140","258817","665968","","0101"
"10007154","UNIVERSITY OF NOTTINGHAM, THE","University of Nottingham","Nottingham, University of","","","","","UNIVERSITY PARK","NOTTINGHAM","NG7 2RD","http://www.nottingham.ac.uk/","http://en.wikipedia.org/wiki/University_of_Nottingham","M5_Universities, Russell_Group","-1.186477","52.941271","454768","338516","936D002F-A8D1-4A93-AE5D-825ED0903D8D","0155"
"10008010","STRANMILLIS UNIVERSITY COLLEGE","Stranmillis University College","Stranmillis University College","","","","","STRANMILLIS ROAD","BELFAST","BT9 5DY","http://www.stran.ac.uk/","http://en.wikipedia.org/wiki/Stranmillis_University_College","","-5.9352","54.5733","","","","0193"
"10007799","NEWCASTLE UNIVERSITY","University of Newcastle Upon Tyne","Newcastle Upon Tyne, University of","","","","","CLAREMONT ROAD","NEWCASTLE UPON TYNE","NE1 7RU","http://www.ncl.ac.uk/","http://en.wikipedia.org/wiki/Newcastle_University","N8_Research_Partnership, Russell_Group","-1.615727","54.980327","424693","565147","5E2B04DD-4A03-45ED-9892-61C5CCB8AC68","0154"
"10007857","BANGOR UNIVERSITY","Bangor University","Bangor University","","","","","COLLEGE ROAD","BANGOR","LL57 2DG","http://www.bangor.ac.uk/","http://en.wikipedia.org/wiki/Bangor_University","ABSA","-4.129505","53.229236","257949","372359","F9F1D136-12E3-4BE4-9668-0C9BC4A7C1BF","0178"
"10037449","UNIVERSITY OF ST MARK & ST JOHN","University of St Mark & St John","St Mark & St John, University of","","","","DERRIFORD","DERRIFORD ROAD","PLYMOUTH","PL6 8BH","http:///","https://en.wikipedia.org/wiki/University_of_St_Mark_%26_St_John","Cathedrals_Group","-4.110286","50.421023","250187","60037","","0014"
"10007787","THE UNIVERSITY OF BUCKINGHAM","The University of Buckingham","Buckingham, The University of ","","","YEOMANRY HOUSE","","HUNTER STREET","BUCKINGHAM","MK18 1EG","http://www.buckingham.ac.uk/","http://en.wikipedia.org/wiki/University_of_Buckingham","","-0.991820","51.996018","469315","233542","53944FC7-FD00-407E-A4F1-F22812C85420","0203"
"10007149","UNIVERSITY OF HULL","University of Hull","Hull, University of","","","","","COTTINGHAM ROAD","HULL","HU6 7RX","http://www.hull.ac.uk/","http://en.wikipedia.org/wiki/University_of_Hull","","-0.367171","53.769661","507718","431603","8A0FC07A-04CD-4F7A-9095-1D2E6C1D918F","0120"
"10007793","UNIVERSITY OF SOUTH WALES/PRIFYSGOL DE CYMRU","University of Glamorgan / Prifysgol Morgannwg","Glamorgan / Prifysgol Morgannwg, University of","","","","TREFOREST","","PONTYPRIDD","CF37 1DL","http://www.southwales.ac.uk/","http://en.wikipedia.org/wiki/University_of_Glamorgan","University_Alliance","-3.325787","51.588739","308249","188598","7B3A72B2-7C68-4D1C-A7ED-102C7805B561","0090"
"10007835","ROYAL ACADEMY OF MUSIC","Royal Academy of Music","Royal Academy of Music","","","","","MARYLEBONE ROAD","LONDON","NW1 5HT","http://www.ram.ac.uk/","http://en.wikipedia.org/wiki/Royal_Academy_of_Music","","-0.151727","51.523617","528321","182141","A3F70448-95D2-4ECC-8535-97876FA5F5A4","0033"
"10004048","LONDON METROPOLITAN UNIVERSITY","London Metropolitan University","London Metropolitan University","","","166-220","","HOLLOWAY ROAD","LONDON","N7 8DB","http://www.londonmet.ac.uk/","http://en.wikipedia.org/wiki/London_Metropolitan_University","Million_Plus","-0.110210","51.551822","531120","185351","3A1483A5-3CFF-403D-8AB5-FAE5B8EB86B4","0202"
"10007843","ST MARY'S UNIVERSITY, TWICKENHAM","St Mary's University College, Twickenham","St Mary's University College, Twickenham","","","","","WALDEGRAVE ROAD","TWICKENHAM","TW1 4SX","http://www.smuc.ac.uk/","http://en.wikipedia.org/wiki/St._Mary%27s_University_College_%28Twickenham%29","Cathedrals_Group","-0.335292","51.437438","515805","172252","F8A38BAB-5A5C-44BA-BC24-8114AD09C832","0039"
"10001143","CANTERBURY CHRIST CHURCH UNIVERSITY","Canterbury Christ Church University","Canterbury Christ Church University","","","","","ST. GEORGES PLACE","CANTERBURY","CT1 1UT","http://www.canterbury.ac.uk/","http://en.wikipedia.org/wiki/Canterbury_Christ_Church_University","Million_Plus, Cathedrals_Group","1.085663","51.275761","615312","157479","9DCA54FA-7193-4B70-9A85-369C1FD85B5D","0012"
"10001653","THE CONSERVATOIRE FOR DANCE AND DRAMA","The Conservatoire for Dance and Drama","Conservatoire for Dance and Drama, The","","","TAVISTOCK HOUSE","","TAVISTOCK SQUARE","LONDON","WC1H 9JJ","http://www.cdd.ac.uk/","http://en.wikipedia.org/wiki/Conservatoire_for_Dance_and_Drama","","-0.129090","51.526207","529884","182469","","0199"
"10007760","BIRKBECK COLLEGE","Birkbeck College","Birkbeck College","","","BIRKBECK COLLEGE","","MALET STREET","LONDON","WC1E 7HX","http://www.bbk.ac.uk/","http://en.wikipedia.org/wiki/Birkbeck,_University_of_London","1994_Group","-0.127819","51.520998","529987","181892","3E18DACB-05AA-4C71-88FB-C909A8311BB5","0127"
"10006842","UNIVERSITY OF LIVERPOOL","University of Liverpool","Liverpool, University of","","PO Box 147","","","","LIVERPOOL","L69 3BX","http://www.liv.ac.uk/","http://en.wikipedia.org/wiki/University_of_Liverpool","N8_Research_Partnership, Russell_Group","-2.975554","53.406416","335243","390397","A0A585E0-6B0D-4643-A3A6-47943B4CBFEF","0126"
"10003324","INSTITUTE OF CANCER RESEARCH: ROYAL CANCER HOSPITAL (THE)","Institute of Cancer Research: Royal Cancer Hospital (The)","Royal Cancer Hospital (The), Institute of Cancer Research: ","","","123","","OLD BROMPTON ROAD","LONDON","SW7 3RP","http://www.icr.ac.uk/","http://en.wikipedia.org/wiki/Institute_of_Cancer_Research","","-0.181668","51.490713","526335","178430","744CEC19-DBB5-412F-8B63-3BAD72B719C7","0188"
"10007146","UNIVERSITY OF GREENWICH","University of Greenwich","Greenwich, University of","","","30","","Park Row","London","SE10 9LS","http://www.greenwich.ac.uk/","http://en.wikipedia.org/wiki/University_of_Greenwich","Million_Plus","-0.003891","51.484493","538695","178060","2F667752-ABE0-4914-9C97-82F42CC11C60","0059"
"10007713","YORK ST JOHN UNIVERSITY","York St John University","York St John University","","","","","LORD MAYORS WALK","YORK","YO31 7EX","http://www.yorksj.ac.uk/","http://en.wikipedia.org/wiki/York_St_John_University","Cathedrals_Group","-1.080290","53.965263","460436","452521","E3A7C679-6D40-45AA-A211-20EB6C28AC37","0013"
"10007858","UNIVERSITY OF WALES: TRINITY SAINT DAVID","University of Wales: Trinity Saint David","Wales: Trinity Saint David, University of","","","","","COLLEGE ROAD","CARMARTHEN","SA31 3EP","http://www.trinitysaintdavid.ac.uk/","http://en.wikipedia.org/wiki/University_of_Wales,_Trinity_Saint_David","Cathedrals_Group","-4.328723","51.858379","239732","220318","","0176"
"10007846","SWANSEA METROPOLITAN UNIVERSITY","Swansea Metropolitan University","Swansea Metropolitan University","","","MOUNT PLEASANT CAMPUS","","MOUNT PLEASANT","SWANSEA","SA1 6ED","http://www.smu.ac.uk/","http://en.wikipedia.org/wiki/Swansea_Metropolitan_University","","-3.949446","51.624658","265153","193560","CCF88354-9859-4D4C-802D-B954DBE36678",""
"10007825","GUILDHALL SCHOOL OF MUSIC & DRAMA","Guildhall School of Music and Drama","Guildhall School of Music and Drama","","","","","SILK STREET BARBICAN","LONDON","EC2Y 8DT","http://www.gsmd.ac.uk/","http://en.wikipedia.org/wiki/Guildhall_School_of_Music_and_Drama","","-0.092406","51.519502","532448","181789","C43F49D5-9E05-4A01-AE8A-7C68B8AC37BF","0208"
"10007785","UNIVERSITY OF BRADFORD","University of Bradford","Bradford, University of","","","","","RICHMOND ROAD","BRADFORD","BD7 1DP","http://www.bradford.ac.uk/","http://en.wikipedia.org/wiki/University_of_Bradford","University_Alliance","-1.762133","53.791716","415768","432847","0838B2E1-D5E2-4ACD-AA27-D2B1BFDC124F","0111"
"10004078","LONDON SOUTH BANK UNIVERSITY","London South Bank University","London South Bank University","","","103","","BOROUGH ROAD","LONDON","SE1 0AA","http://www.lsbu.ac.uk/","http://en.wikipedia.org/wiki/London_South_Bank_University","","-0.101630","51.498410","531869","179427","FBA10D69-BE5C-42A8-9DCF-4214809173FB","0076"
"10014001","UNIVERSITY CAMPUS SUFFOLK LTD","University Campus Suffolk Ltd","Suffolk Ltd, University Campus","","","WATERFRONT BUILDING 19-21","","NEPTUNE QUAY","IPSWICH","IP4 1QJ","http://www.ucs.ac.uk/","http://en.wikipedia.org/wiki/University_Campus_Suffolk","","1.162554","52.052585","616931","244074","","0210"
"10007800","UNIVERSITY OF THE WEST OF SCOTLAND","University of the West of Scotland","West of Scotland, University of the","","","","","HIGH STREET","PAISLEY","PA1 2BE","http://www.uws.ac.uk/","http://en.wikipedia.org/wiki/University_of_the_West_of_Scotland","Million_Plus","-4.428479","55.843669","248040","663830","6786BBB0-D64D-4D47-B725-7AD417D4ED4F","0105"
"10003957","LIVERPOOL JOHN MOORES UNIVERSITY","Liverpool John Moores University","Liverpool John Moores University","","","RODNEY HOUSE 70","","MOUNT PLEASANT","LIVERPOOL","L3 5UX","http://www.ljmu.ac.uk/","http://en.wikipedia.org/wiki/Liverpool_John_Moores_University","University_Alliance","-2.973176","53.403702","335397","390093","772A1E12-7175-46C0-B665-CE27930D15A8","0065"
"10007850","UNIVERSITY OF BATH (THE)","University of Bath (The)","Bath, University of","","","","CLAVERTON DOWN","","BATH","BA2 7AY","http://www.bath.ac.uk/","http://en.wikipedia.org/wiki/University_of_Bath","GW4","-2.330671","51.380438","377083","164651","EAAD4D43-BD15-432B-9385-2DBD0C65958D","0109"
"10000385","ARTS UNIVERSITY BOURNEMOUTH, THE","The Arts University College at Bournemouth","Bournemouth, The Arts University College at ","","","7","","FERN BARROW","POOLE","BH12 5HH","http://www.aub.ac.uk/","http://en.wikipedia.org/wiki/The_Arts_University_College_at_Bournemouth","","-1.897700","50.741781","407314","93581","8F29E319-A83B-4497-A8AB-595E596CF61C","0197"
"10006566","UNIVERSITY OF WEST LONDON","The University of West London","West London, The University of","","","","","ST. MARYS ROAD","LONDON","W5 5RF","http://www.uwl.ac.uk/","http://en.wikipedia.org/wiki/University_of_West_London","Million_Plus","-0.303390","51.506610","517844","179995","7B7DD8F3-EC06-4C09-8E26-051B2D57EF46","0080"
"10004930","OXFORD BROOKES UNIVERSITY","Oxford Brookes University","Oxford Brookes University","","","","HEADINGTON","GIPSY LANE","OXFORD","OX3 0BP","http://www.brookes.ac.uk/","http://en.wikipedia.org/wiki/Oxford_Brookes_University","University_Alliance","-1.223181","51.754386","453717","206473","CEB496D0-8DC8-4905-8F65-D1ACDAD75C9B","0072"
"10007780","SCHOOL OF ORIENTAL AND AFRICAN STUDIES","School of Oriental and African Studies","School of Oriental and African Studies","","","10","","THORNHAUGH STREET","LONDON","WC1H 0XG","http://www.soas.ac.uk/","http://en.wikipedia.org/wiki/School_of_Oriental_and_African_Studies","1994_Group","-0.129233","51.522352","529885","182040","B1B0C694-8B41-4FDC-A4F0-8B18407D793B","0146"
"10007837","ROYAL NORTHERN COLLEGE OF MUSIC","Royal Northern College of Music","Royal Northern College of Music","","","124","","OXFORD ROAD","MANCHESTER","M13 9RD","http://www.rncm.ac.uk/","http://en.wikipedia.org/wiki/Royal_Northern_College_of_Music","","-2.236946","53.468583","384368","396896","111974F8-A619-4611-8D9D-0FF01DE98D8A","0035"
"10007141","UNIVERSITY OF CENTRAL LANCASHIRE","University of Central Lancashire","Central Lancashire, University of","","","","","","PRESTON","PR1 2HE","http://www.uclan.ac.uk/","http://en.wikipedia.org/wiki/University_of_Central_Lancashire","Million_Plus","-2.707381","53.761354","353463","429675","AEC15D5A-BFD5-4D34-978F-500C126C4FDC","0053"
"10003270","IMPERIAL COLLEGE OF SCIENCE, TECHNOLOGY AND MEDICINE","Imperial College of Science, Technology and Medicine","Imperial College of Science, Technology and Medicine","","","FACULTY BUILDING","","EXHIBITION ROAD","LONDON","SW7 2AZ","http://www.imperial.ac.uk/","http://en.wikipedia.org/wiki/Imperial_College_London","Science_and_Engineering_South, Russell_Group","-0.178194","51.500506","526549","179525","46387D84-F71E-4B7D-8C7D-9C288F113510","0132"
"10008574","UNIVERSITY OF WALES PRIFYSGOL CYMRU","University of Wales Prifysgol Cymru","Wales Prifysgol Cymru, University of","","","","","KING EDWARD VII AVENUE","CARDIFF","CF10 3NS","http://www.wales.ac.uk/","http://en.wikipedia.org/wiki/University_of_Wales","","-3.181039","51.485538","318091","176949","E7910513-EA16-41B2-A0C0-7F49C936A4BF","0186"
"10007139","UNIVERSITY OF WORCESTER, THE","University of Worcester","Worcester, University of","","","","","HENWICK GROVE","WORCESTER","WR2 6AJ","http://www.worc.ac.uk/","http://en.wikipedia.org/wiki/University_of_Worcester","","-2.243038","52.197568","383485","255508","7DA3D9E3-6EAB-4E67-A95B-DEFFE718A68C","0046"
