aliases,location,member_level,name,nid,rank,rank_order,record_type,scores_citations,scores_citations_rank,scores_industry_income,scores_industry_income_rank,scores_international_outlook,scores_international_outlook_rank,scores_overall,scores_overall_rank,scores_research,scores_research_rank,scores_teaching,scores_teaching_rank,subjects_offered,url
University of Oxford,United Kingdom,0,University of Oxford,468,1,1,master_account,99.2,1,100.0,1,81.5,7,91.7,1,91.0,3,85.0,9,"Other Health,Medicine & Dentistry",/world-university-rankings/university-oxford
Harvard University,United States,0,Harvard University,466,2,2,private,93.2,7,39.2,45,67.0,16,90.4,2,98.5,1,89.5,3,"Other Health,Medicine & Dentistry",/world-university-rankings/harvard-university
University of Cambridge,United Kingdom,0,University of Cambridge,470,3,3,master_account,98.0,2,50.5,26,78.4,9,88.6,3,90.1,4,81.2,19,Medicine & Dentistry,/world-university-rankings/university-cambridge
Johns Hopkins University,United States,0,Johns Hopkins University,478,4,4,private,92.0,11,99.5,2,61.6,22,87.7,4,88.3,8,87.6,5,"Other Health,Medicine & Dentistry",/world-university-rankings/johns-hopkins-university
Imperial College London,United Kingdom,0,Imperial College London,472,5,5,master_account,92.6,9,77.2,12,87.6,2,87.6,5,87.3,13,82.5,17,"Medicine & Dentistry,Other Health",/world-university-rankings/imperial-college-london
UCL ucl UCL,United Kingdom,0,UCL,481,6,6,master_account,89.7,17,52.2,21,83.8,3,86.2,6,87.3,14,84.5,11,"Other Health,Medicine & Dentistry",/world-university-rankings/ucl
Duke University,United States,0,Duke University,487,7,7,private,91.1,13,97.9,7,55.0,34,85.1,7,87.0,15,82.7,16,"Other Health,Medicine & Dentistry",/world-university-rankings/duke-university
Stanford University,United States,11,Stanford University,467,8,8,private,86.6,24,51.8,22,58.9,27,84.6,8,88.3,9,88.2,4,"Medicine & Dentistry,Other Health",/world-university-rankings/stanford-university
"University of California, Berkeley",United States,0,"University of California, Berkeley",474,9,9,public,96.6,3,40.0,43,49.2,36,84.4,9,87.4,11,79.5,23,Other Health,/world-university-rankings/university-california-berkeley
University of Washington,United States,0,University of Washington,489,10,10,public,92.2,10,41.3,41,39.5,42,84.1,10,88.7,6,85.1,8,"Other Health,Medicine & Dentistry",/world-university-rankings/university-washington
Yale University,United States,0,Yale University,475,11,11,private,85.1,26,43.9,33,57.1,31,83.8,11,86.6,16,90.4,1,"Medicine & Dentistry,Other Health",/world-university-rankings/yale-university
Washington University in St Louis,United States,11,Washington University in St Louis,505,12,12,private,94.9,6,-,51,53.4,35,83.7,12,80.4,25,83.3,13,"Medicine & Dentistry,Other Health",/world-university-rankings/washington-university-st-louis
"University of California, Los Angeles",United States,0,"University of California, Los Angeles",477,13,13,public,87.4,21,-,48,41.4,41,83.6,13,87.4,12,89.8,2,"Other Health,Medicine & Dentistry",/world-university-rankings/university-california-los-angeles
McMaster University,Canada,11,McMaster University,529,14,14,master_account,96.4,4,98.3,5,69.5,15,82.8,14,75.7,33,74.8,27,"Other Health,Medicine & Dentistry",/world-university-rankings/mcmaster-university
Columbia University,United States,0,Columbia University,476,15,15,private,87.1,23,-,47,70.9,13,82.6,15,82.8,22,83.0,15,"Other Health,Medicine & Dentistry",/world-university-rankings/columbia-university
University of Melbourne UniMelb Australia,Australia,11,University of Melbourne,501,16,16,master_account,80.1,34,75.0,13,74.7,10,82.0,16,88.4,7,80.5,21,"Medicine & Dentistry,Other Health",/world-university-rankings/university-melbourne
University of Pennsylvania,United States,0,University of Pennsylvania,480,16,16,private,87.2,22,42.5,37,46.4,38,82.0,17,86.3,17,84.5,12,"Other Health,Medicine & Dentistry",/world-university-rankings/university-pennsylvania
McGill University,Canada,0,McGill University,492,18,18,master_account,80.1,33,40.8,42,60.5,24,81.3,18,87.7,10,85.8,7,"Medicine & Dentistry,Other Health",/world-university-rankings/mcgill-university
University of North Carolina at Chapel Hill,United States,0,University of North Carolina at Chapel Hill,507,19,19,public,91.0,15,42.0,39,38.5,44,81.0,19,81.3,24,83.2,14,"Other Health,Medicine & Dentistry",/world-university-rankings/university-north-carolina-chapel-hill
King’s College London,United Kingdom,11,King’s College London,520,20,20,master_account,86.2,25,43.0,35,83.7,4,80.4,20,80.0,26,75.9,25,"Other Health,Medicine & Dentistry",/world-university-rankings/kings-college-london
University of Michigan-Ann Arbor,United States,0,University of Michigan-Ann Arbor,482,21,21,public,83.2,28,48.0,28,45.1,39,80.3,21,84.5,18,84.9,10,"Other Health,Medicine & Dentistry",/world-university-rankings/university-michigan-ann-arbor
University of Toronto,Canada,0,University of Toronto,483,22,22,master_account,72.4,42,56.8,18,62.1,21,79.9,22,90.1,5,86.0,6,"Other Health,Medicine & Dentistry",/world-university-rankings/university-toronto
Karolinska Institute,Sweden,0,Karolinska Institute,496,23,23,master_account,73.7,38,56.6,19,57.9,28,79.2,23,91.3,2,82.0,18,"Other Health,Medicine & Dentistry",/world-university-rankings/karolinska-institute
University of Pittsburgh-Pittsburgh campus,United States,0,University of Pittsburgh-Pittsburgh campus,524,24,24,public,89.1,18,41.4,40,35.3,46,79.0,24,79.6,27,81.0,20,"Medicine & Dentistry,Other Health",/world-university-rankings/university-pittsburgh-pittsburgh-campus
University of Sydney UniSyd,Australia,11,University of Sydney,522,25,25,master_account,72.7,41,72.8,14,80.0,8,77.7,25,83.9,19,77.9,24,"Medicine & Dentistry,Other Health",/world-university-rankings/university-sydney
"University of California, San Diego",United States,0,"University of California, San Diego",497,26,26,public,91.1,14,42.6,36,39.4,43,76.5,26,79.3,28,68.4,37,"Medicine & Dentistry,Other Health",/world-university-rankings/university-california-san-diego
University of British Columbia ubc,Canada,11,University of British Columbia,486,27,27,master_account,78.9,36,53.7,20,71.1,12,76.3,27,79.1,29,73.7,30,"Medicine & Dentistry,Other Health",/world-university-rankings/university-british-columbia
University of Edinburgh,United Kingdom,0,University of Edinburgh,500,28,28,master_account,92.0,12,51.2,24,65.3,18,75.4,28,65.8,45,68.8,36,"Medicine & Dentistry,Other Health",/world-university-rankings/university-edinburgh
Boston University,United States,0,Boston University,518,29,29,private,94.9,5,36.9,46,48.5,37,75.3,29,66.9,42,69.6,35,"Medicine & Dentistry,Other Health",/world-university-rankings/boston-university
Cornell University,United States,0,Cornell University,484,30,30,private,81.1,30,39.9,44,61.3,23,74.8,30,74.1,34,74.3,29,Other Health,/world-university-rankings/cornell-university
University of Chicago,United States,11,University of Chicago,473,31,31,private,87.9,20,-,49,57.7,30,74.6,31,68.3,41,70.8,34,Medicine & Dentistry,/world-university-rankings/university-chicago
Emory University,United States,0,Emory University,539,32,32,private,84.5,27,42.4,38,43.2,40,73.9,32,70.2,37,75.2,26,"Other Health,Medicine & Dentistry",/world-university-rankings/emory-university
The University of Tokyo,Japan,0,The University of Tokyo,494,32,32,master_account,72.8,40,50.1,27,29.5,51,73.9,33,83.9,20,79.8,22,"Medicine & Dentistry,Other Health",/world-university-rankings/university-tokyo
Monash University,Australia,0,Monash University,581,34,34,master_account,74.7,37,81.1,10,59.0,26,73.5,34,77.6,31,71.2,33,"Other Health,Medicine & Dentistry",/world-university-rankings/monash-university
University of Queensland UQ UOQ,Australia,11,University of Queensland,538,35,35,master_account,66.7,48,58.9,17,70.9,14,71.3,35,83.2,21,66.7,39,"Other Health,Medicine & Dentistry",/world-university-rankings/university-queensland
University of Hong Kong HKU Hong Kong University,Hong Kong,11,University of Hong Kong,498,36,36,master_account,60.4,50,68.7,15,82.3,6,70.3,36,76.4,32,73.6,31,"Other Health,Medicine & Dentistry",/world-university-rankings/university-hong-kong
National University of Singapore nus,Singapore,6,National University of Singapore,504,37,37,master_account,62.5,49,46.3,31,87.8,1,70.1,37,72.7,36,74.6,28,"Medicine & Dentistry,Other Health",/world-university-rankings/national-university-singapore
Northwestern University,United States,0,Northwestern University,490,38,38,private,81.1,31,88.7,9,30.3,48,69.4,38,69.6,39,63.4,42,"Other Health,Medicine & Dentistry",/world-university-rankings/northwestern-university
University of Massachusetts,United States,0,University of Massachusetts,528,39,39,master_account,73.0,39,43.4,34,30.1,49,68.9,39,78.2,30,67.1,38,"Medicine & Dentistry,Other Health",/world-university-rankings/university-massachusetts
Kyoto University,Japan,0,Kyoto University,516,40,40,master_account,72.2,44,59.0,16,31.0,47,68.7,40,73.0,35,71.2,32,"Medicine & Dentistry,Other Health",/world-university-rankings/kyoto-university
Vanderbilt University,United States,0,Vanderbilt University,534,41,41,private,89.9,16,51.1,25,30.1,50,68.0,41,59.7,49,60.5,47,"Other Health,Medicine & Dentistry",/world-university-rankings/vanderbilt-university
LMU Munich Ludwig-Maximilians-Universität München,Germany,6,LMU Munich,509,42,42,master_account,79.6,35,44.0,32,57.7,29,67.8,42,64.1,48,61.6,46,"Other Health,Medicine & Dentistry",/world-university-rankings/lmu-munich
Tufts University,United States,0,Tufts University,542,43,43,private,93.2,8,47.3,29,56.5,33,67.7,43,44.5,51,63.4,43,"Other Health,Medicine & Dentistry",/world-university-rankings/tufts-university
UNSW Sydney unsw australia unsw,Australia,6,UNSW Sydney,638,43,43,master_account,70.9,46,79.4,11,83.3,5,67.7,44,69.7,38,56.4,49,"Medicine & Dentistry,Other Health",/world-university-rankings/unsw-sydney
KU Leuven,Belgium,11,KU Leuven,531,45,45,master_account,81.8,29,98.9,4,59.3,25,67.6,45,66.4,43,50.0,51,"Medicine & Dentistry,Other Health",/world-university-rankings/ku-leuven
University of Minnesota,United States,0,University of Minnesota,506,45,45,public,81.1,32,-,50,36.7,45,67.6,46,64.7,47,64.0,41,"Other Health,Medicine & Dentistry",/world-university-rankings/university-minnesota
University of Montreal,Canada,11,University of Montreal,569,47,47,master_account,69.9,47,99.2,3,72.3,11,67.4,47,65.5,46,62.1,45,"Medicine & Dentistry,Other Health",/world-university-rankings/university-montreal
Erasmus University Rotterdam,Netherlands,6,Erasmus University Rotterdam,621,48,48,master_account,60.2,51,51.6,23,57.0,32,67.1,48,81.8,23,65.4,40,Other Health,/world-university-rankings/erasmus-university-rotterdam
Maastricht University,Netherlands,6,Maastricht University,663,49,49,master_account,72.3,43,98.0,6,64.9,19,67.0,49,68.5,40,56.5,48,"Medicine & Dentistry,Other Health",/world-university-rankings/maastricht-university
University of Cape Town UCT,South Africa,6,University of Cape Town,567,50,50,master_account,89.0,19,95.8,8,66.9,17,66.6,50,48.3,50,53.5,50,"Medicine & Dentistry,Other Health",/world-university-rankings/university-cape-town
University of Manchester,United Kingdom,0,University of Manchester,512,50,50,master_account,71.9,45,47.0,30,62.6,20,66.6,51,66.1,44,63.3,44,"Medicine & Dentistry,Other Health",/world-university-rankings/university-manchester
