aliases,location,member_level,name,nid,rank,rank_order,record_type,scores_citations,scores_citations_rank,scores_industry_income,scores_industry_income_rank,scores_international_outlook,scores_international_outlook_rank,scores_overall,scores_overall_rank,scores_research,scores_research_rank,scores_teaching,scores_teaching_rank,subjects_offered,url
California Institute of Technology caltech,United States,0,California Institute of Technology,128779,1,1,private,99.3,2,81.5,16,51.9,32,94.4,1,99.9,1,97.2,1,"General Engineering,Civil Engineering,Mechanical & Aerospace Engineering,Electrical & Electronic Engineering,Chemical Engineering",/world-university-rankings/california-institute-technology
Princeton University,United States,0,Princeton University,469,2,2,private,95.6,4,100.0,3,54.0,28,91.9,2,97.3,3,91.3,7,"General Engineering,Chemical Engineering,Civil Engineering,Mechanical & Aerospace Engineering,Electrical & Electronic Engineering",/world-university-rankings/princeton-university
Massachusetts Institute of Technology,United States,0,Massachusetts Institute of Technology,471,3,3,private,93.3,8,97.9,8,75.9,14,91.4,3,89.6,16,94.4,2,"Electrical & Electronic Engineering,Chemical Engineering,Civil Engineering,Mechanical & Aerospace Engineering,General Engineering",/world-university-rankings/massachusetts-institute-technology
"University of California, Berkeley",United States,0,"University of California, Berkeley",474,4,4,public,94.5,6,72.2,19,49.7,35,90.2,4,99.2,2,90.4,9,"Chemical Engineering,Mechanical & Aerospace Engineering,Electrical & Electronic Engineering,Civil Engineering,General Engineering",/world-university-rankings/university-california-berkeley
Stanford University,United States,11,Stanford University,467,5,5,private,94.2,7,49.6,34,56.6,27,89.4,5,96.0,5,93.2,5,"Civil Engineering,Electrical & Electronic Engineering,General Engineering,Mechanical & Aerospace Engineering,Chemical Engineering",/world-university-rankings/stanford-university
University of Cambridge,United Kingdom,0,University of Cambridge,470,5,5,master_account,86.1,14,83.7,14,78.8,12,89.4,6,91.3,10,93.9,3,"General Engineering,Chemical Engineering",/world-university-rankings/university-cambridge
"University of California, Los Angeles",United States,0,"University of California, Los Angeles",477,7,7,public,91.3,10,-,48,60.0,26,88.4,7,96.7,4,89.6,11,"Electrical & Electronic Engineering,General Engineering,Civil Engineering,Mechanical & Aerospace Engineering,Chemical Engineering",/world-university-rankings/university-california-los-angeles
ETH Zurich,Switzerland,0,ETH Zurich,479,8,8,master_account,74.6,21,-,46,86.4,5,86.1,8,94.5,6,90.2,10,"Electrical & Electronic Engineering,Chemical Engineering,General Engineering,Civil Engineering,Mechanical & Aerospace Engineering",/world-university-rankings/eth-zurich
Georgia Institute of Technology,United States,0,Georgia Institute of Technology,488,9,9,public,80.9,17,78.3,18,63.8,22,85.0,9,91.2,11,88.9,12,"Chemical Engineering,Civil Engineering,Mechanical & Aerospace Engineering,General Engineering,Electrical & Electronic Engineering",/world-university-rankings/georgia-institute-technology
Imperial College London,United Kingdom,0,Imperial College London,472,10,10,master_account,74.5,22,71.3,21,86.3,6,84.6,10,89.0,19,91.4,6,"Civil Engineering,Electrical & Electronic Engineering,Mechanical & Aerospace Engineering,General Engineering,Chemical Engineering",/world-university-rankings/imperial-college-london
University of Oxford,United Kingdom,0,University of Oxford,468,11,11,master_account,72.1,25,56.8,31,81.8,8,84.1,11,91.0,13,93.3,4,"Civil Engineering,General Engineering,Electrical & Electronic Engineering,Chemical Engineering,Mechanical & Aerospace Engineering",/world-university-rankings/university-oxford
National University of Singapore nus,Singapore,6,National University of Singapore,504,12,12,master_account,69.3,28,89.9,12,87.2,4,83.4,12,90.5,14,87.2,16,"General Engineering,Civil Engineering,Mechanical & Aerospace Engineering,Electrical & Electronic Engineering,Chemical Engineering",/world-university-rankings/national-university-singapore
University of Texas at Austin,United States,0,University of Texas at Austin,493,13,13,public,78.6,19,87.6,13,52.2,31,82.7,13,91.2,12,84.6,19,"Mechanical & Aerospace Engineering,Electrical & Electronic Engineering,General Engineering,Civil Engineering,Chemical Engineering",/world-university-rankings/university-texas-austin
École Polytechnique Fédérale de Lausanne,Switzerland,0,École Polytechnique Fédérale de Lausanne,510,14,14,master_account,89.2,11,44.8,36,88.8,1,81.7,14,79.6,27,81.4,22,"Electrical & Electronic Engineering,Mechanical & Aerospace Engineering,General Engineering,Chemical Engineering,Civil Engineering",/world-university-rankings/ecole-polytechnique-federale-de-lausanne
Carnegie Mellon University,United States,0,Carnegie Mellon University,485,15,15,private,66.0,33,78.4,17,50.3,34,81.3,15,93.9,7,91.1,8,"General Engineering,Electrical & Electronic Engineering,Chemical Engineering,Mechanical & Aerospace Engineering,Civil Engineering",/world-university-rankings/carnegie-mellon-university
Northwestern University,United States,0,Northwestern University,490,16,16,private,94.8,5,58.3,29,44.1,38,80.7,16,84.1,23,77.2,26,"Mechanical & Aerospace Engineering,General Engineering,Electrical & Electronic Engineering,Civil Engineering,Chemical Engineering",/world-university-rankings/northwestern-university
"University of California, Santa Barbara",United States,0,"University of California, Santa Barbara",499,17,17,public,97.5,3,100.0,4,74.3,15,79.5,17,75.1,33,65.2,43,"Chemical Engineering,Mechanical & Aerospace Engineering,Electrical & Electronic Engineering",/world-university-rankings/university-california-santa-barbara
Cornell University,United States,0,Cornell University,484,18,18,private,75.0,20,43.0,37,49.6,36,79.0,18,89.4,17,85.7,18,"Chemical Engineering,Civil Engineering,Mechanical & Aerospace Engineering,General Engineering,Electrical & Electronic Engineering",/world-university-rankings/cornell-university
University of Michigan-Ann Arbor,United States,0,University of Michigan-Ann Arbor,482,19,19,public,58.0,39,61.9,24,60.7,23,77.7,19,92.7,8,87.7,14,"Chemical Engineering,Mechanical & Aerospace Engineering,Electrical & Electronic Engineering,Civil Engineering",/world-university-rankings/university-michigan-ann-arbor
University of Illinois at Urbana-Champaign,United States,0,University of Illinois at Urbana-Champaign,495,20,20,public,60.9,38,-,49,45.3,37,75.8,20,90.0,15,87.6,15,"Chemical Engineering,General Engineering,Electrical & Electronic Engineering,Mechanical & Aerospace Engineering,Civil Engineering",/world-university-rankings/university-illinois-urbana-champaign
Columbia University,United States,0,Columbia University,476,21,21,private,87.0,13,-,45,64.0,21,75.5,21,70.0,42,75.8,27,"General Engineering,Electrical & Electronic Engineering,Mechanical & Aerospace Engineering,Civil Engineering,Chemical Engineering",/world-university-rankings/columbia-university
University of Toronto,Canada,0,University of Toronto,483,22,22,master_account,70.4,27,36.8,42,60.4,24,75.0,22,83.8,24,80.3,23,"Chemical Engineering,Mechanical & Aerospace Engineering,Civil Engineering,Electrical & Electronic Engineering,General Engineering",/world-university-rankings/university-toronto
The Hong Kong University of Science and Technology hkust,Hong Kong,11,The Hong Kong University of Science and Technology,526,23,23,master_account,73.2,24,59.4,27,75.9,13,74.4,23,78.9,29,73.2,33,"General Engineering,Civil Engineering,Mechanical & Aerospace Engineering,Electrical & Electronic Engineering,Chemical Engineering",/world-university-rankings/hong-kong-university-science-and-technology
Pohang University of Science and Technology (POSTECH) postech,South Korea,0,Pohang University of Science and Technology (POSTECH),517,24,24,master_account,91.8,9,100.0,2,24.1,47,74.3,24,71.5,36,69.4,37,"Mechanical & Aerospace Engineering,Electrical & Electronic Engineering,General Engineering,Chemical Engineering",/world-university-rankings/pohang-university-science-and-technology-postech
University of Melbourne UniMelb Australia,Australia,11,University of Melbourne,501,25,25,master_account,79.7,18,68.3,23,79.6,9,74.2,25,73.4,34,69.4,38,"Electrical & Electronic Engineering,Chemical Engineering,Mechanical & Aerospace Engineering,General Engineering,Civil Engineering",/world-university-rankings/university-melbourne
"Nanyang Technological University, Singapore NTU Nan yang",Singapore,6,"Nanyang Technological University, Singapore",634,26,26,master_account,64.4,34,94.9,11,88.0,2,73.1,26,79.8,26,67.0,41,"Chemical Engineering,General Engineering,Civil Engineering,Electrical & Electronic Engineering,Mechanical & Aerospace Engineering",/world-university-rankings/nanyang-technological-university-singapore
University of Pennsylvania,United States,0,University of Pennsylvania,480,26,26,private,85.2,15,37.5,41,36.3,40,73.1,27,75.6,32,74.5,30,"General Engineering,Chemical Engineering,Mechanical & Aerospace Engineering,Electrical & Electronic Engineering",/world-university-rankings/university-pennsylvania
The University of Tokyo,Japan,0,The University of Tokyo,494,28,28,master_account,54.6,42,47.4,35,24.5,46,72.6,28,89.3,18,88.8,13,"Electrical & Electronic Engineering,General Engineering,Mechanical & Aerospace Engineering,Chemical Engineering,Civil Engineering",/world-university-rankings/university-tokyo
École Polytechnique,France,6,École Polytechnique,527,29,29,master_account,87.2,12,59.5,26,72.5,18,70.8,29,62.6,48,65.3,42,"Chemical Engineering,Civil Engineering,Electrical & Electronic Engineering,Mechanical & Aerospace Engineering,General Engineering",/world-university-rankings/ecole-polytechnique
Rice University,United States,0,Rice University,536,30,30,private,100.0,1,54.1,32,64.9,20,70.5,30,54.8,50,63.3,47,"General Engineering,Electrical & Electronic Engineering,Mechanical & Aerospace Engineering,Civil Engineering,Chemical Engineering",/world-university-rankings/rice-university
Tsinghua University Qinghua University Tsing hua University Qing hua University,China,6,Tsinghua University,535,31,31,master_account,38.3,48,98.4,7,22.6,49,69.9,31,88.7,20,87.2,17,"General Engineering,Electrical & Electronic Engineering,Civil Engineering,Chemical Engineering,Mechanical & Aerospace Engineering",/world-university-rankings/tsinghua-university
Delft University of Technology,Netherlands,0,Delft University of Technology,568,32,32,master_account,29.7,49,97.3,9,60.1,25,69.8,32,92.0,9,82.1,21,"Mechanical & Aerospace Engineering,Electrical & Electronic Engineering,Chemical Engineering,General Engineering,Civil Engineering",/world-university-rankings/delft-university-technology
University of Manchester,United Kingdom,0,University of Manchester,512,33,33,master_account,66.3,32,52.0,33,79.3,10,69.4,33,68.5,44,73.6,32,"General Engineering,Chemical Engineering,Mechanical & Aerospace Engineering,Electrical & Electronic Engineering,Civil Engineering",/world-university-rankings/university-manchester
University of Washington,United States,0,University of Washington,489,34,34,public,82.7,16,36.0,43,53.3,29,69.3,34,71.4,38,64.6,44,"Electrical & Electronic Engineering,General Engineering,Chemical Engineering,Civil Engineering,Mechanical & Aerospace Engineering",/world-university-rankings/university-washington
UCL ucl UCL,United Kingdom,0,UCL,481,35,35,master_account,64.0,35,38.2,39,86.1,7,69.0,35,69.1,43,74.4,31,"General Engineering,Electrical & Electronic Engineering,Civil Engineering,Chemical Engineering,Mechanical & Aerospace Engineering",/world-university-rankings/ucl
Seoul National University,South Korea,0,Seoul National University,588,36,36,master_account,55.2,40,81.6,15,21.6,50,67.8,36,79.0,28,77.5,25,"Electrical & Electronic Engineering,General Engineering,Civil Engineering,Chemical Engineering,Mechanical & Aerospace Engineering",/world-university-rankings/seoul-national-university
"University of California, San Diego",United States,0,"University of California, San Diego",497,36,36,public,73.6,23,37.6,40,33.0,41,67.8,37,76.5,31,67.4,40,"Mechanical & Aerospace Engineering,Electrical & Electronic Engineering,Chemical Engineering,Civil Engineering,General Engineering",/world-university-rankings/university-california-san-diego
University of Queensland UQ UOQ,Australia,11,University of Queensland,538,38,38,master_account,66.4,31,96.1,10,73.8,16,67.2,38,65.4,45,63.4,46,"General Engineering,Electrical & Electronic Engineering,Mechanical & Aerospace Engineering,Civil Engineering,Chemical Engineering",/world-university-rankings/university-queensland
University of British Columbia ubc,Canada,11,University of British Columbia,486,39,39,master_account,54.5,44,39.9,38,79.2,11,67.1,39,77.7,30,69.5,36,"Civil Engineering,Chemical Engineering,Electrical & Electronic Engineering,General Engineering,Mechanical & Aerospace Engineering",/world-university-rankings/university-british-columbia
KU Leuven,Belgium,11,KU Leuven,531,40,40,master_account,63.7,36,98.8,6,53.1,30,66.8,40,70.2,40,64.5,45,"General Engineering,Electrical & Electronic Engineering,Mechanical & Aerospace Engineering,Civil Engineering,Chemical Engineering",/world-university-rankings/ku-leuven
University of Wisconsin-Madison,United States,0,University of Wisconsin-Madison,491,41,41,public,54.6,43,57.8,30,30.2,42,66.3,41,81.6,25,72.2,34,"Electrical & Electronic Engineering,General Engineering,Civil Engineering,Mechanical & Aerospace Engineering,Chemical Engineering",/world-university-rankings/university-wisconsin-madison
Purdue University West Lafayette,United States,0,Purdue University West Lafayette,562,42,42,public,41.4,47,-,47,51.2,33,66.2,42,85.0,21,77.8,24,"General Engineering,Civil Engineering,Mechanical & Aerospace Engineering,Electrical & Electronic Engineering,Chemical Engineering",/world-university-rankings/purdue-university-west-lafayette
University of Hong Kong HKU Hong Kong University,Hong Kong,11,University of Hong Kong,498,43,43,master_account,54.6,41,31.5,44,72.8,17,64.7,43,70.2,41,72.0,35,"Electrical & Electronic Engineering,General Engineering,Civil Engineering,Mechanical & Aerospace Engineering",/world-university-rankings/university-hong-kong
Korea Advanced Institute of Science and Technology (KAIST),South Korea,0,Korea Advanced Institute of Science and Technology (KAIST),558,44,44,master_account,26.9,50,100.0,1,26.6,45,64.6,44,84.4,22,83.0,20,"Electrical & Electronic Engineering,Civil Engineering,Mechanical & Aerospace Engineering,General Engineering,Chemical Engineering",/world-university-rankings/korea-advanced-institute-science-and-technology-kaist
University of Minnesota,United States,0,University of Minnesota,506,45,45,public,66.7,30,-,50,28.6,43,64.2,45,71.4,37,69.0,39,"Mechanical & Aerospace Engineering,Civil Engineering,Electrical & Electronic Engineering,Chemical Engineering,General Engineering",/world-university-rankings/university-minnesota
University of Sydney UniSyd,Australia,11,University of Sydney,522,46,46,master_account,62.6,37,71.5,20,87.9,3,64.1,46,63.7,46,58.7,48,"Mechanical & Aerospace Engineering,Chemical Engineering,Civil Engineering,Electrical & Electronic Engineering,General Engineering",/world-university-rankings/university-sydney
Kyoto University,Japan,0,Kyoto University,516,47,47,master_account,52.2,45,59.6,25,24.0,48,63.9,47,73.3,35,75.8,28,"Mechanical & Aerospace Engineering,Electrical & Electronic Engineering,Chemical Engineering,General Engineering,Civil Engineering",/world-university-rankings/kyoto-university
"University of California, Davis",United States,0,"University of California, Davis",503,48,48,public,68.1,29,70.8,22,66.8,19,63.5,48,62.8,47,58.1,50,"Chemical Engineering,Electrical & Electronic Engineering,General Engineering,Mechanical & Aerospace Engineering,Civil Engineering",/world-university-rankings/university-california-davis
Duke University,United States,0,Duke University,487,49,49,private,71.7,26,99.6,5,42.9,39,63.2,49,59.6,49,58.1,49,,/world-university-rankings/duke-university
Tokyo Institute of Technology,Japan,6,Tokyo Institute of Technology,572,50,50,master_account,52.2,46,58.4,28,27.6,44,63.0,50,70.4,39,74.9,29,"General Engineering,Electrical & Electronic Engineering,Chemical Engineering,Civil Engineering,Mechanical & Aerospace Engineering",/world-university-rankings/tokyo-institute-technology
