aliases,location,member_level,name,nid,rank,rank_order,record_type,scores_citations,scores_citations_rank,scores_industry_income,scores_industry_income_rank,scores_international_outlook,scores_international_outlook_rank,scores_overall,scores_overall_rank,scores_research,scores_research_rank,scores_teaching,scores_teaching_rank,subjects_offered,url
Massachusetts Institute of Technology,United States,0,Massachusetts Institute of Technology,471,1,1,private,100.0,1,47.3,27,65.3,21,91.6,1,91.4,6,92.1,3,"Veterinary Science,Biological Sciences",/world-university-rankings/massachusetts-institute-technology
University of Cambridge,United Kingdom,0,University of Cambridge,470,2,2,master_account,94.7,7,54.7,17,81.3,9,91.2,2,88.9,11,94.9,1,"Biological Sciences,Veterinary Science",/world-university-rankings/university-cambridge
Harvard University,United States,0,Harvard University,466,3,3,private,96.8,4,45.4,29,61.1,25,90.9,3,92.8,1,93.8,2,Biological Sciences,/world-university-rankings/harvard-university
University of Oxford,United Kingdom,0,University of Oxford,468,4,4,master_account,92.1,10,61.8,10,82.8,8,90.1,4,91.0,7,91.1,5,Biological Sciences,/world-university-rankings/university-oxford
Stanford University,United States,11,Stanford University,467,5,5,private,94.2,8,52.4,19,56.6,31,89.3,5,92.7,2,92.1,4,Biological Sciences,/world-university-rankings/stanford-university
"University of California, Berkeley",United States,0,"University of California, Berkeley",474,6,6,public,97.6,3,50.1,23,45.8,37,88.6,6,92.1,4,88.6,6,"Agriculture & Forestry,Biological Sciences",/world-university-rankings/university-california-berkeley
Johns Hopkins University,United States,0,Johns Hopkins University,478,7,7,private,89.9,16,99.9,2,66.3,20,87.9,7,90.8,8,87.3,8,Biological Sciences,/world-university-rankings/johns-hopkins-university
Princeton University,United States,0,Princeton University,469,8,8,private,98.2,2,82.5,8,54.0,33,87.2,8,87.4,14,82.6,13,Biological Sciences,/world-university-rankings/princeton-university
Yale University,United States,0,Yale University,475,9,9,private,90.7,13,40.8,32,60.5,27,86.3,9,91.6,5,86.6,9,"Biological Sciences,Agriculture & Forestry",/world-university-rankings/yale-university
Imperial College London,United Kingdom,0,Imperial College London,472,10,10,master_account,77.9,29,49.9,24,91.2,2,83.8,10,88.5,12,87.8,7,Biological Sciences,/world-university-rankings/imperial-college-london
Duke University,United States,0,Duke University,487,11,11,private,92.6,9,99.5,4,50.0,34,81.9,11,79.5,24,77.6,26,,/world-university-rankings/duke-university
University of Chicago,United States,11,University of Chicago,473,12,12,private,90.0,15,-,49,60.5,26,81.6,12,78.0,29,82.5,14,Biological Sciences,/world-university-rankings/university-chicago
Cornell University,United States,0,Cornell University,484,13,13,private,77.7,30,52.0,20,56.8,30,80.7,13,92.1,3,82.4,15,"Veterinary Science,Biological Sciences,Agriculture & Forestry",/world-university-rankings/cornell-university
Columbia University,United States,0,Columbia University,476,14,14,private,87.5,18,-,46,66.9,19,80.6,14,76.9,32,82.0,16,Biological Sciences,/world-university-rankings/columbia-university
"University of California, Los Angeles",United States,0,"University of California, Los Angeles",477,15,15,public,86.2,21,-,48,41.8,40,80.3,15,89.9,10,78.0,24,"Biological Sciences,Agriculture & Forestry",/world-university-rankings/university-california-los-angeles
ETH Zurich,Switzerland,0,ETH Zurich,479,16,16,master_account,80.2,27,-,47,90.3,5,80.2,16,79.2,25,78.8,22,"Biological Sciences,Agriculture & Forestry",/world-university-rankings/eth-zurich
"University of California, San Diego",United States,0,"University of California, San Diego",497,17,17,public,91.5,11,40.7,33,37.4,43,79.1,17,82.3,21,74.9,31,Biological Sciences,/world-university-rankings/university-california-san-diego
University of Michigan-Ann Arbor,United States,0,University of Michigan-Ann Arbor,482,18,18,public,84.5,24,61.6,11,57.7,28,79.0,18,80.6,23,78.0,25,"Sport Science,Biological Sciences",/world-university-rankings/university-michigan-ann-arbor
UCL ucl UCL,United Kingdom,0,UCL,481,19,19,master_account,76.6,33,37.8,39,84.6,7,78.9,19,81.2,22,81.9,17,Biological Sciences,/world-university-rankings/ucl
University of British Columbia ubc,Canada,11,University of British Columbia,486,20,20,master_account,76.8,32,37.3,40,80.6,10,78.8,20,83.4,16,80.1,21,"Biological Sciences,Agriculture & Forestry,Sport Science",/world-university-rankings/university-british-columbia
University of Pennsylvania,United States,0,University of Pennsylvania,480,21,21,private,86.4,20,40.7,34,42.8,39,78.2,21,78.6,28,80.3,19,"Veterinary Science,Biological Sciences",/world-university-rankings/university-pennsylvania
Wageningen University & Research,Netherlands,0,Wageningen University & Research,540,22,22,master_account,63.7,45,99.9,3,80.6,11,77.8,23,87.8,13,83.0,12,"Veterinary Science,Biological Sciences,Agriculture & Forestry",/world-university-rankings/wageningen-university-research
University of Edinburgh,United Kingdom,0,University of Edinburgh,500,22,22,master_account,84.7,23,39.5,35,73.7,15,77.8,22,77.6,30,73.9,32,"Veterinary Science,Agriculture & Forestry,Sport Science,Biological Sciences",/world-university-rankings/university-edinburgh
University of Washington,United States,0,University of Washington,489,24,24,public,90.2,14,39.1,36,35.9,44,77.6,24,79.0,26,75.1,30,"Biological Sciences,Sport Science,Agriculture & Forestry",/world-university-rankings/university-washington
"University of California, Davis",United States,0,"University of California, Davis",503,25,25,public,65.7,44,58.1,14,56.9,29,76.5,25,90.5,9,83.2,11,"Veterinary Science,Sport Science,Biological Sciences,Agriculture & Forestry",/world-university-rankings/university-california-davis
University of Toronto,Canada,0,University of Toronto,483,26,26,master_account,76.4,34,46.5,28,61.7,24,76.4,26,86.0,15,73.6,33,"Agriculture & Forestry,Sport Science,Biological Sciences",/world-university-rankings/university-toronto
University of Melbourne UniMelb Australia,Australia,11,University of Melbourne,501,27,27,master_account,67.9,42,60.4,12,71.8,18,75.7,27,82.6,20,81.2,18,"Biological Sciences,Veterinary Science,Agriculture & Forestry",/world-university-rankings/university-melbourne
McGill University,Canada,0,McGill University,492,28,28,master_account,76.1,35,38.5,37,72.1,17,75.0,28,76.9,33,76.0,29,"Agriculture & Forestry,Biological Sciences",/world-university-rankings/mcgill-university
The University of Tokyo,Japan,0,The University of Tokyo,494,29,29,master_account,71.5,37,50.2,22,27.9,49,74.7,29,83.3,17,85.1,10,"Biological Sciences,Agriculture & Forestry,Veterinary Science,Sport Science",/world-university-rankings/university-tokyo
University of Wisconsin-Madison,United States,0,University of Wisconsin-Madison,491,30,30,public,70.7,38,55.0,16,32.3,46,72.9,30,82.8,18,78.5,23,"Agriculture & Forestry,Biological Sciences,Sport Science,Veterinary Science",/world-university-rankings/university-wisconsin-madison
University of Queensland UQ UOQ,Australia,11,University of Queensland,538,31,31,master_account,70.1,40,53.1,18,73.9,14,72.4,31,76.2,35,72.8,34,"Sport Science,Biological Sciences,Veterinary Science,Agriculture & Forestry",/world-university-rankings/university-queensland
Kyoto University,Japan,0,Kyoto University,516,32,32,master_account,69.4,41,71.4,9,28.7,48,70.7,32,77.5,31,76.9,28,"Biological Sciences,Sport Science,Agriculture & Forestry,Veterinary Science",/world-university-rankings/kyoto-university
National University of Singapore nus,Singapore,6,National University of Singapore,504,33,33,master_account,57.4,49,92.4,7,91.0,3,70.2,33,76.7,34,72.2,36,Biological Sciences,/world-university-rankings/national-university-singapore
Uppsala University,Sweden,0,Uppsala University,551,34,34,master_account,59.9,48,31.9,44,56.0,32,69.8,34,79.0,27,80.2,20,Biological Sciences,/world-university-rankings/uppsala-university
University of North Carolina at Chapel Hill,United States,0,University of North Carolina at Chapel Hill,507,35,35,public,85.9,22,44.3,30,47.1,36,69.6,35,64.0,39,62.8,41,"Biological Sciences,Sport Science",/world-university-rankings/university-north-carolina-chapel-hill
Australian National University anu,Australia,0,Australian National University,502,36,36,master_account,63.3,47,35.5,41,86.1,6,69.2,36,71.8,36,72.6,35,"Biological Sciences,Agriculture & Forestry",/world-university-rankings/australian-national-university
LMU Munich Ludwig-Maximilians-Universität München,Germany,6,LMU Munich,509,37,37,master_account,79.3,28,41.5,31,49.3,35,68.5,37,64.4,38,66.8,39,"Biological Sciences,Veterinary Science",/world-university-rankings/lmu-munich
University of Massachusetts,United States,0,University of Massachusetts,528,38,38,master_account,77.2,31,57.1,15,40.3,41,68.2,38,63.2,40,70.5,37,"Biological Sciences,Agriculture & Forestry,Veterinary Science,Sport Science",/world-university-rankings/university-massachusetts
"University of California, Santa Barbara",United States,0,"University of California, Santa Barbara",499,39,39,public,95.9,6,100.0,1,45.2,38,67.3,39,54.4,47,46.7,49,Biological Sciences,/world-university-rankings/university-california-santa-barbara
Boston University,United States,0,Boston University,518,40,40,private,88.3,17,32.1,43,31.9,47,66.8,40,60.9,43,58.1,43,Biological Sciences,/world-university-rankings/boston-university
University of Strasbourg,France,0,University of Strasbourg,684,41,41,master_account,81.1,26,35.3,42,63.8,23,66.5,41,62.0,42,56.0,44,"Veterinary Science,Sport Science,Biological Sciences,Agriculture & Forestry",/world-university-rankings/university-strasbourg
University of Copenhagen,Denmark,0,University of Copenhagen,599,42,42,master_account,74.4,36,38.2,38,74.7,13,66.4,42,62.4,41,60.4,42,"Veterinary Science,Biological Sciences,Agriculture & Forestry,Sport Science",/world-university-rankings/university-copenhagen
Penn State (Main campus)  ,United States,0,Penn State (Main campus)  ,515,43,43,public,86.8,19,50.6,21,37.9,42,65.0,43,57.1,45,54.0,45,"Sport Science,Veterinary Science,Agriculture & Forestry,Biological Sciences",/world-university-rankings/penn-state-main-campus
École Polytechnique Fédérale de Lausanne,Switzerland,0,École Polytechnique Fédérale de Lausanne,510,44,44,master_account,96.5,5,49.7,25,91.5,1,64.8,44,37.6,50,45.9,50,Biological Sciences,/world-university-rankings/ecole-polytechnique-federale-de-lausanne
University of Lausanne,Switzerland,0,University of Lausanne,580,44,44,master_account,91.2,12,59.7,13,90.6,4,64.8,45,41.8,49,47.6,48,"Sport Science,Biological Sciences",/world-university-rankings/university-lausanne
King’s College London,United Kingdom,11,King’s College London,520,46,46,master_account,81.5,25,48.0,26,77.9,12,64.5,46,53.2,48,52.1,46,Biological Sciences,/world-university-rankings/kings-college-london
University of Illinois at Urbana-Champaign,United States,0,University of Illinois at Urbana-Champaign,495,47,47,public,67.3,43,-,50,32.5,45,64.3,47,67.8,37,68.0,38,"Biological Sciences,Agriculture & Forestry,Veterinary Science,Sport Science",/world-university-rankings/university-illinois-urbana-champaign
Ghent University,Belgium,0,Ghent University,570,48,48,master_account,63.6,46,98.4,5,64.1,22,63.1,48,56.8,46,65.1,40,"Biological Sciences,Veterinary Science,Agriculture & Forestry,Sport Science",/world-university-rankings/ghent-university
University of Montreal,Canada,11,University of Montreal,569,49,49,master_account,70.2,39,95.1,6,72.9,16,62.8,49,60.8,44,49.7,47,"Agriculture & Forestry,Biological Sciences,Veterinary Science,Sport Science",/world-university-rankings/university-montreal
University of São Paulo,Brazil,0,University of São Paulo,642,50,50,master_account,45.3,50,30.7,45,27.1,50,62.7,50,82.7,19,77.3,27,"Biological Sciences,Agriculture & Forestry,Sport Science,Veterinary Science",/world-university-rankings/university-sao-paulo
