aliases,location,member_level,name,nid,rank,rank_order,record_type,scores_citations,scores_citations_rank,scores_industry_income,scores_industry_income_rank,scores_international_outlook,scores_international_outlook_rank,scores_overall,scores_overall_rank,scores_research,scores_research_rank,scores_teaching,scores_teaching_rank,subjects_offered,url
Harvard University,United States,0,Harvard University,466,1,1,private,98.1,3,37.7,32,71.6,16,93.3,1,89.6,2,99.3,1,"Medicine & Dentistry,Other Health",/world-university-rankings/harvard-university
Stanford University,United States,11,Stanford University,467,2,2,private,97.2,5,53.8,13,32.3,40,91.0,2,90.2,1,97.3,2,"Other Health,Medicine & Dentistry",/world-university-rankings/stanford-university
University of Cambridge,United Kingdom,0,University of Cambridge,470,3,3,master_account,97.4,4,49.8,16,78.4,14,90.3,3,88.3,5,88.4,4,Medicine & Dentistry,/world-university-rankings/university-cambridge
University of Oxford,United Kingdom,0,University of Oxford,468,4,4,master_account,99.0,2,59.3,12,60.6,26,90.2,4,88.3,6,88.4,5,"Other Health,Medicine & Dentistry",/world-university-rankings/university-oxford
Imperial College London,United Kingdom,0,Imperial College London,472,5,5,master_account,91.6,15,96.2,3,74.1,15,88.5,5,86.7,12,87.8,8,Medicine & Dentistry,/world-university-rankings/imperial-college-london
Yale University,United States,0,Yale University,475,6,6,private,90.1,21,-,51,65.4,19,88.0,6,88.3,7,89.0,3,Other Health,/world-university-rankings/yale-university
Johns Hopkins University,United States,0,Johns Hopkins University,478,7,7,private,91.1,17,99.9,2,58.0,27,87.9,7,87.9,10,87.8,9,"Other Health,Medicine & Dentistry",/world-university-rankings/johns-hopkins-university
"University of California, Los Angeles",United States,0,"University of California, Los Angeles",477,8,8,public,92.2,12,-,43,47.4,33,87.7,8,88.5,4,88.2,6,"Medicine & Dentistry,Other Health",/world-university-rankings/university-california-los-angeles
Columbia University,United States,0,Columbia University,476,9,9,private,90.7,20,-,35,94.0,2,86.6,9,83.6,19,82.7,19,"Other Health,Medicine & Dentistry",/world-university-rankings/columbia-university
UCL ucl UCL,United Kingdom,0,UCL,481,9,9,master_account,89.1,22,51.5,15,79.5,13,86.6,10,88.0,9,86.1,11,"Other Health,Medicine & Dentistry",/world-university-rankings/ucl
"University of California, Berkeley",United States,0,"University of California, Berkeley",474,11,11,public,96.1,7,-,41,42.6,35,86.5,11,84.2,18,83.6,16,Other Health,/world-university-rankings/university-california-berkeley
University of Toronto,Canada,0,University of Toronto,483,12,12,master_account,84.6,29,-,48,-,51,85.7,12,88.2,8,84.8,13,"Medicine & Dentistry,Other Health",/world-university-rankings/university-toronto
University of Washington,United States,0,University of Washington,489,13,13,public,93.0,9,37.8,30,53.1,30,85.5,13,87.4,11,83.7,15,"Other Health,Medicine & Dentistry",/world-university-rankings/university-washington
Duke University,United States,0,Duke University,487,14,14,private,91.0,18,99.9,1,49.0,32,84.9,14,83.3,20,83.3,18,,/world-university-rankings/duke-university
University of Michigan-Ann Arbor,United States,0,University of Michigan-Ann Arbor,482,15,15,public,83.4,33,61.0,11,50.8,31,83.3,15,86.5,14,87.9,7,"Medicine & Dentistry,Other Health",/world-university-rankings/university-michigan-ann-arbor
University of Pennsylvania,United States,0,University of Pennsylvania,480,16,16,private,88.8,23,42.7,23,36.4,37,82.9,16,86.6,13,83.5,17,"Other Health,Medicine & Dentistry",/world-university-rankings/university-pennsylvania
University of North Carolina at Chapel Hill,United States,0,University of North Carolina at Chapel Hill,507,17,17,public,88.5,24,46.2,20,23.4,44,82.6,17,84.5,16,86.7,10,"Medicine & Dentistry,Other Health",/world-university-rankings/university-north-carolina-chapel-hill
University of Melbourne UniMelb Australia,Australia,11,University of Melbourne,501,18,18,master_account,84.9,28,74.1,5,86.3,7,81.9,18,78.5,22,81.0,21,"Medicine & Dentistry,Other Health",/world-university-rankings/university-melbourne
McGill University,Canada,0,McGill University,492,19,19,master_account,77.4,43,-,37,84.2,8,81.4,19,85.1,15,82.7,20,"Other Health,Medicine & Dentistry",/world-university-rankings/mcgill-university
Washington University in St Louis,United States,11,Washington University in St Louis,505,20,20,private,91.7,14,-,50,61.0,25,81.1,20,76.5,25,74.9,23,"Other Health,Medicine & Dentistry",/world-university-rankings/washington-university-st-louis
Karolinska Institute,Sweden,0,Karolinska Institute,496,21,21,master_account,72.6,48,65.7,8,-,48,80.5,21,88.7,3,84.6,14,"Medicine & Dentistry,Other Health",/world-university-rankings/karolinska-institute
University of Hong Kong HKU Hong Kong University,Hong Kong,11,University of Hong Kong,498,22,22,master_account,96.1,8,49.5,17,93.1,3,77.8,22,63.2,34,67.2,31,"Medicine & Dentistry,Other Health",/world-university-rankings/university-hong-kong
University of Chicago,United States,11,University of Chicago,473,23,23,private,87.4,25,-,44,62.1,23,77.7,23,70.2,29,74.8,24,"Medicine & Dentistry,Other Health",/world-university-rankings/university-chicago
University of Pittsburgh-Pittsburgh campus,United States,0,University of Pittsburgh-Pittsburgh campus,524,24,24,public,85.4,27,39.6,28,26.5,42,77.2,24,82.0,21,74.0,25,"Medicine & Dentistry,Other Health",/world-university-rankings/university-pittsburgh-pittsburgh-campus
University of Sydney UniSyd,Australia,11,University of Sydney,522,25,25,master_account,80.1,40,72.8,6,95.8,1,76.5,25,74.2,27,70.6,27,"Medicine & Dentistry,Other Health",/world-university-rankings/university-sydney
"University of California, San Diego",United States,0,"University of California, San Diego",497,26,26,public,92.9,10,47.0,19,33.8,39,75.6,26,74.8,26,62.8,38,Other Health,/world-university-rankings/university-california-san-diego
King’s College London,United Kingdom,11,King’s College London,520,27,27,master_account,79.3,41,44.0,21,83.3,9,75.5,27,78.4,23,68.7,30,"Other Health,Medicine & Dentistry",/world-university-rankings/kings-college-london
Cornell University,United States,0,Cornell University,484,28,28,private,77.4,42,37.9,29,61.1,24,74.3,28,72.7,28,77.5,22,Other Health,/world-university-rankings/cornell-university
University of British Columbia ubc,Canada,11,University of British Columbia,486,29,29,master_account,80.7,38,42.2,24,92.4,5,73.6,29,66.0,31,71.0,26,"Medicine & Dentistry,Other Health",/world-university-rankings/university-british-columbia
McMaster University,Canada,11,McMaster University,529,30,30,master_account,80.3,39,-,38,-,49,73.4,30,67.0,30,70.3,28,"Medicine & Dentistry,Other Health",/world-university-rankings/mcmaster-university
Monash University,Australia,11,Monash University,581,31,31,master_account,96.8,6,41.2,26,81.5,11,72.9,31,60.4,40,54.0,45,"Medicine & Dentistry,Other Health",/world-university-rankings/monash-university
Emory University,United States,0,Emory University,539,32,32,private,84.2,30,-,36,56.6,28,72.8,32,63.7,33,69.3,29,"Other Health,Medicine & Dentistry",/world-university-rankings/emory-university
Boston University,United States,0,Boston University,518,33,33,private,90.8,19,37.7,31,40.3,36,72.6,33,65.1,32,64.2,34,"Other Health,Medicine & Dentistry",/world-university-rankings/boston-university
Tufts University,United States,0,Tufts University,542,34,34,private,92.1,13,-,40,30.1,41,71.1,34,55.2,43,65.7,33,"Other Health,Medicine & Dentistry",/world-university-rankings/tufts-university
University of Edinburgh,United Kingdom,0,University of Edinburgh,500,35,35,master_account,86.5,26,41.9,25,64.5,21,70.9,35,61.2,39,63.0,37,"Other Health,Medicine & Dentistry",/world-university-rankings/university-edinburgh
University of Massachusetts,United States,0,University of Massachusetts,528,36,36,master_account,76.6,44,48.2,18,24.2,43,70.7,36,76.8,24,67.2,32,Other Health,/world-university-rankings/university-massachusetts
The University of Tokyo,Japan,0,The University of Tokyo,494,37,37,master_account,53.6,51,-,47,20.6,47,69.6,37,84.5,17,85.4,12,"Other Health,Medicine & Dentistry",/world-university-rankings/university-tokyo
Vanderbilt University,United States,0,Vanderbilt University,534,38,38,private,83.7,32,66.9,7,22.8,46,69.0,38,62.7,37,63.9,36,"Other Health,Medicine & Dentistry",/world-university-rankings/vanderbilt-university
National University of Singapore nus,Singapore,6,National University of Singapore,504,39,39,master_account,75.6,46,37.4,33,80.6,12,67.8,39,62.9,36,62.5,39,"Other Health,Medicine & Dentistry",/world-university-rankings/national-university-singapore
University of Adelaide Adelaide University,Australia,0,University of Adelaide,665,40,40,master_account,91.4,16,63.4,9,91.0,6,66.9,40,40.5,51,55.9,44,"Other Health,Medicine & Dentistry",/world-university-rankings/university-adelaide
"University of California, Irvine",United States,0,"University of California, Irvine",550,41,41,public,92.4,11,-,42,82.6,10,66.8,41,43.9,50,52.0,48,"Medicine & Dentistry,Other Health",/world-university-rankings/university-california-irvine
University of Queensland UQ UOQ,Australia,11,University of Queensland,538,42,42,master_account,71.4,50,61.4,10,71.3,17,66.4,42,63.0,35,62.5,40,"Medicine & Dentistry,Other Health",/world-university-rankings/university-queensland
University of Glasgow,United Kingdom,1,University of Glasgow,566,43,43,master_account,84.1,31,95.8,4,54.6,29,66.2,43,55.0,44,52.6,46,"Medicine & Dentistry,Other Health",/world-university-rankings/university-glasgow
Northwestern University,United States,0,Northwestern University,490,44,44,private,82.9,36,-,39,65.3,20,65.4,44,50.9,47,56.2,42,"Medicine & Dentistry,Other Health",/world-university-rankings/northwestern-university
University of Wisconsin,United States,0,University of Wisconsin,925,45,45,master_account,83.0,35,-,49,47.2,34,65.2,46,59.7,41,49.6,49,,/world-university-rankings/university-of-wisconsin
University of Manchester,United Kingdom,0,University of Manchester,512,45,45,master_account,76.2,45,40.2,27,62.9,22,65.2,45,62.1,38,56.1,43,"Other Health,Medicine & Dentistry",/world-university-rankings/university-manchester
University of Alberta,Canada,0,University of Alberta,564,47,47,master_account,80.7,37,43.2,22,70.7,18,64.1,47,53.9,45,52.5,47,"Other Health,Medicine & Dentistry",/world-university-rankings/university-alberta
University of Auckland UOA Auckland University,New Zealand,11,University of Auckland,637,47,47,master_account,83.0,34,52.0,14,93.0,4,64.1,48,50.0,48,48.1,50,"Other Health,Medicine & Dentistry",/world-university-rankings/university-auckland
University of Barcelona,Spain,6,University of Barcelona,667,49,49,master_account,99.9,1,35.6,34,23.2,45,63.8,49,46.1,49,42.4,51,"Medicine & Dentistry,Other Health",/world-university-rankings/university-barcelona
University of Montreal,Canada,11,University of Montreal,569,50,50,master_account,73.4,47,-,45,-,50,63.7,50,52.3,46,61.8,41,"Medicine & Dentistry,Other Health",/world-university-rankings/university-montreal
University of Southern California,United States,0,University of Southern California,519,50,50,private,71.5,49,-,46,34.5,38,63.7,51,58.3,42,63.9,35,"Medicine & Dentistry,Other Health",/world-university-rankings/university-southern-california
