aliases,location,member_level,name,nid,rank,rank_order,record_type,scores_citations,scores_citations_rank,scores_industry_income,scores_industry_income_rank,scores_international_outlook,scores_international_outlook_rank,scores_overall,scores_overall_rank,scores_research,scores_research_rank,scores_teaching,scores_teaching_rank,subjects_offered,url
Massachusetts Institute of Technology,United States,0,Massachusetts Institute of Technology,471,1,1,private,100.0,1,83.5,6,79.1,13,95.1,1,91.9,8,95.5,3,"Veterinary Science,Biological Sciences",/world-university-rankings/massachusetts-institute-technology
Harvard University,United States,0,Harvard University,466,2,2,private,98.2,3,35.9,34,68.1,20,94.7,2,96.5,2,98.4,1,"Biological Sciences,Agriculture & Forestry",/world-university-rankings/harvard-university
Stanford University,United States,11,Stanford University,467,3,3,private,96.3,5,53.8,17,31.4,43,91.7,3,95.4,3,96.1,2,"Sport Science,Veterinary Science,Biological Sciences",/world-university-rankings/stanford-university
牛津大学,United Kingdom,0,University of Oxford,468,4,4,master_account,96.2,7,60.0,13,74.9,17,91.4,4,92.6,6,89.4,5,Biological Sciences,/world-university-rankings/university-oxford
剑桥大学,United Kingdom,0,University of Cambridge,470,5,5,master_account,95.2,11,49.3,18,77.9,15,90.5,5,90.3,11,90.3,4,"Veterinary Science,Biological Sciences",/world-university-rankings/university-cambridge
耶鲁大学,United States,0,Yale University,475,5,5,private,91.0,17,-,50,60.4,27,90.5,6,97.0,1,88.7,6,"Agriculture & Forestry,Biological Sciences",/world-university-rankings/yale-university
加州大学伯克利分校,United States,0,"University of California, Berkeley",474,7,7,public,95.5,10,-,42,42.9,39,90.3,7,94.9,4,87.3,8,"Biological Sciences,Agriculture & Forestry",/world-university-rankings/university-california-berkeley
约翰·霍普金斯大学,United States,0,Johns Hopkins University,478,8,8,private,89.9,21,100.0,2,55.7,32,87.8,8,91.9,7,85.7,10,Biological Sciences,/world-university-rankings/johns-hopkins-university
伦敦帝国学院,United Kingdom,0,Imperial College London,472,9,9,master_account,85.9,28,58.2,15,95.2,2,87.7,9,94.0,5,85.2,12,Biological Sciences,/world-university-rankings/imperial-college-london
Princeton University,United States,0,Princeton University,469,10,10,private,98.1,4,-,41,66.5,22,87.3,10,80.8,22,82.8,14,Biological Sciences,/world-university-rankings/princeton-university
伦敦大学学院 ucl UCL,United Kingdom,0,UCL,481,11,11,master_account,85.6,29,36.6,32,88.6,7,85.9,11,90.7,9,85.4,11,Biological Sciences,/world-university-rankings/ucl
加州大学洛杉矶分校,United States,0,"University of California, Los Angeles",477,12,12,public,87.3,26,-,43,46.5,35,83.6,12,86.9,15,81.8,15,"Agriculture & Forestry,Veterinary Science,Sport Science,Biological Sciences",/world-university-rankings/university-california-los-angeles
杜克大学,United States,0,Duke University,487,13,13,private,90.8,19,100.0,1,47.8,33,83.5,13,82.4,21,79.5,18,"Biological Sciences,Agriculture & Forestry",/world-university-rankings/duke-university
加州大学圣地亚哥分校,United States,0,"University of California, San Diego",497,14,14,public,92.9,15,46.2,21,35.7,41,82.1,14,85.0,18,76.1,19,Biological Sciences,/world-university-rankings/university-california-san-diego
华盛顿大学,United States,0,University of Washington,489,15,15,public,89.7,22,37.4,31,56.5,31,81.4,15,85.2,17,74.8,21,"Sport Science,Biological Sciences,Agriculture & Forestry",/world-university-rankings/university-washington
密歇根大学,United States,0,University of Michigan-Ann Arbor,482,16,16,public,79.6,37,78.6,7,70.8,19,81.3,16,87.5,14,79.6,17,"Biological Sciences,Sport Science",/world-university-rankings/university-michigan-ann-arbor
康奈尔大学,United States,0,Cornell University,484,17,17,private,73.2,44,36.0,33,59.3,28,79.9,17,90.4,10,86.3,9,"Biological Sciences,Agriculture & Forestry,Veterinary Science",/world-university-rankings/cornell-university
哥伦比亚大学,United States,0,Columbia University,476,18,18,private,90.0,20,-,38,89.0,6,79.5,18,70.5,28,72.5,23,"Sport Science,Biological Sciences",/world-university-rankings/columbia-university
不列颠哥伦比亚大学 ubc,Canada,11,University of British Columbia,486,19,19,master_account,81.3,35,40.7,26,89.5,5,79.3,19,82.7,20,75.0,20,"Agriculture & Forestry,Sport Science,Biological Sciences",/world-university-rankings/university-british-columbia
多伦多大学,Canada,0,University of Toronto,483,20,20,master_account,82.8,34,-,47,-,50,78.4,20,78.8,24,72.0,24,"Sport Science,Biological Sciences,Agriculture & Forestry",/world-university-rankings/university-toronto
University of Pennsylvania,United States,0,University of Pennsylvania,480,21,21,private,87.8,24,41.4,25,34.5,42,75.8,21,75.4,26,70.3,26,"Biological Sciences,Veterinary Science",/world-university-rankings/university-pennsylvania
University of Wisconsin,United States,0,University of Wisconsin,925,22,22,master_account,80.3,36,-,48,46.6,34,75.5,22,79.0,23,70.8,25,,/world-university-rankings/university-of-wisconsin
麦吉尔大学,Canada,0,McGill University,492,23,23,master_account,73.4,43,-,40,80.8,10,75.3,23,78.4,25,73.9,22,"Agriculture & Forestry,Biological Sciences,Sport Science,Veterinary Science",/world-university-rankings/mcgill-university
"University of California, Davis",United States,0,"University of California, Davis",503,24,24,public,62.9,48,43.9,24,57.5,30,74.3,24,89.8,12,80.3,16,"Veterinary Science,Sport Science,Agriculture & Forestry,Biological Sciences",/world-university-rankings/university-california-davis
University of Chicago,United States,11,University of Chicago,473,25,25,private,86.0,27,-,45,73.8,18,73.7,25,65.8,31,64.7,32,Biological Sciences,/world-university-rankings/university-chicago
爱丁堡大学,United Kingdom,0,University of Edinburgh,500,26,26,master_account,85.0,31,40.5,27,64.5,24,73.0,26,68.7,29,65.3,30,"Agriculture & Forestry,Sport Science,Veterinary Science,Biological Sciences",/world-university-rankings/university-edinburgh
Washington University in St Louis,United States,11,Washington University in St Louis,505,27,27,private,90.9,18,-,49,57.7,29,72.0,27,59.9,38,61.0,37,Biological Sciences,/world-university-rankings/washington-university-st-louis
卡罗林斯卡学院,Sweden,0,Karolinska Institute,496,28,28,master_account,64.1,47,59.9,14,-,49,71.6,28,85.2,16,69.5,27,Biological Sciences,/world-university-rankings/karolinska-institute
香港大学 HKU Hong Kong University,Hong Kong,11,University of Hong Kong,498,29,29,master_account,95.6,9,49.0,19,90.6,4,71.4,29,55.4,41,52.8,41,Biological Sciences,/world-university-rankings/university-hong-kong
东京大学,Japan,0,The University of Tokyo,494,30,30,master_account,52.6,50,-,46,21.2,46,71.2,30,89.3,13,87.6,7,"Veterinary Science,Biological Sciences,Sport Science,Agriculture & Forestry",/world-university-rankings/university-tokyo
University of North Carolina at Chapel Hill,United States,0,University of North Carolina at Chapel Hill,507,31,31,public,85.1,30,45.3,23,23.9,45,70.9,31,64.6,33,68.6,28,"Biological Sciences,Sport Science",/world-university-rankings/university-north-carolina-chapel-hill
墨尔本大学 UniMelb Australia,Australia,11,University of Melbourne,501,32,32,master_account,76.0,40,46.1,22,82.8,9,70.8,32,72.4,27,62.3,34,"Sport Science,Agriculture & Forestry,Biological Sciences,Veterinary Science",/world-university-rankings/university-melbourne
Boston University,United States,0,Boston University,518,33,33,private,87.6,25,33.8,35,44.2,38,69.9,33,61.5,37,62.0,35,Biological Sciences,/world-university-rankings/boston-university
ETH Zurich,Switzerland,0,ETH Zurich,479,34,34,master_account,73.7,42,-,39,79.7,11,69.4,34,67.2,30,64.0,33,"Agriculture & Forestry,Biological Sciences",/world-university-rankings/eth-zurich
Kyoto University,Japan,0,Kyoto University,516,35,35,master_account,53.7,49,54.3,16,20.5,47,69.0,35,84.3,19,84.7,13,"Agriculture & Forestry,Sport Science,Biological Sciences",/world-university-rankings/kyoto-university
University of York,United Kingdom,0,University of York,586,36,36,master_account,95.1,12,72.9,9,63.3,26,68.7,36,50.1,43,51.7,43,Biological Sciences,/world-university-rankings/university-york
Pohang University of Science and Technology (POSTECH) postech,South Korea,0,Pohang University of Science and Technology (POSTECH),517,37,37,master_account,91.6,16,100.0,3,36.7,40,68.1,37,49.7,44,57.2,38,Biological Sciences,/world-university-rankings/pohang-university-science-and-technology-postech
University of Queensland UQ UOQ,Australia,11,University of Queensland,538,38,38,master_account,72.3,45,61.8,11,76.3,16,67.6,38,62.7,34,65.0,31,"Biological Sciences,Sport Science,Agriculture & Forestry,Veterinary Science",/world-university-rankings/university-queensland
University of Adelaide Adelaide University,Australia,0,University of Adelaide,665,39,39,master_account,89.5,23,60.8,12,68.1,21,66.9,40,50.7,42,52.5,42,"Agriculture & Forestry,Veterinary Science,Biological Sciences",/world-university-rankings/university-adelaide
澳大利亚国立大学 anu,Australia,0,Australian National University,502,39,39,master_account,76.7,38,-,37,92.2,3,66.9,39,62.2,35,53.6,40,"Biological Sciences,Agriculture & Forestry",/world-university-rankings/australian-national-university
University of Dundee,United Kingdom,6,University of Dundee,640,39,39,master_account,96.2,6,76.7,8,66.1,23,66.9,41,49.5,45,43.5,49,Biological Sciences,/world-university-rankings/university-dundee
Monash University,Australia,0,Monash University,581,42,42,master_account,95.6,8,39.7,28,79.2,12,66.6,42,47.2,46,46.6,47,Biological Sciences,/world-university-rankings/monash-university
"University of California, Santa Barbara",United States,0,"University of California, Santa Barbara",499,43,43,public,84.6,32,100.0,4,64.1,25,66.5,43,57.7,40,47.9,45,"Biological Sciences,Agriculture & Forestry",/world-university-rankings/university-california-santa-barbara
University of Barcelona,Spain,6,University of Barcelona,667,44,44,master_account,99.7,2,38.9,29,27.2,44,65.4,44,45.6,47,47.7,46,"Agriculture & Forestry,Sport Science,Biological Sciences",/world-university-rankings/university-barcelona
University of Cape Town UCT,South Africa,6,University of Cape Town,567,45,45,master_account,94.4,14,-,44,79.0,14,65.2,45,45.5,48,42.6,50,"Sport Science,Biological Sciences",/world-university-rankings/university-cape-town
École Normale Supérieure,France,0,École Normale Supérieure,523,46,46,master_account,95.0,13,33.6,36,44.6,37,64.7,46,39.6,50,54.8,39,Biological Sciences,/world-university-rankings/ecole-normale-superieure
伦敦国王学院,United Kingdom,11,King’s College London,520,47,47,master_account,75.4,41,46.9,20,88.3,8,64.6,47,61.7,36,50.2,44,Biological Sciences,/world-university-rankings/kings-college-london
Vanderbilt University,United States,0,Vanderbilt University,534,48,48,private,76.7,39,68.4,10,19.4,48,64.4,48,58.1,39,61.7,36,Biological Sciences,/world-university-rankings/vanderbilt-university
慕尼黑大学 Ludwig-Maximilians-Universität München,Germany,6,LMU Munich,509,49,49,master_account,65.6,46,38.0,30,45.4,36,64.0,49,64.6,32,67.1,29,"Veterinary Science,Biological Sciences",/world-university-rankings/lmu-munich
香港科技大学 hkust,Hong Kong,11,The Hong Kong University of Science and Technology,526,50,50,master_account,84.4,33,99.1,5,98.0,1,63.9,50,44.2,49,46.2,48,Biological Sciences,/world-university-rankings/hong-kong-university-science-and-technology
